,level
ADJECTIVE,A1
ADVERB,A1
April,A1
August,A1
CD,A1
DVD,A1
December,A1
February,A1
Friday,A1
I,A1
January,A1
July,A1
June,A1
March,A1
May,A1
Miss,A1
Monday,A1
Mr,A1
Mrs,A1
NOUN,A1
November,A1
October,A1
PREPOSITION,A1
Saturday,A1
September,A1
Sunday,A1
TV,A1
Thursday,A1
Tuesday,A1
VERB,A1
Wednesday,A1
a,A1
about,A1
above,A1
address,A1
adult,A1
after,A1
afternoon,A1
again,A1
age,A1
all,A1
alright,A1
also,A1
always,A1
an,A1
and,A1
animal,A1
answer,A1
any,A1
anything,A1
apple,A1
arm,A1
as,A1
ask,A1
at,A1
baby,A1
back,A1
bad,A1
bag,A1
ball,A1
banana,A1
band,A1
bank,A1
bar,A1
basketball,A1
bath,A1
bathroom,A1
be,A1
beach,A1
beard,A1
beautiful,A1
because,A1
bed,A1
bedroom,A1
beer,A1
before,A1
begin,A1
behind,A1
below,A1
best,A1
better,A1
between,A1
big,A1
bird,A1
birthday,A1
biscuit,A1
black,A1
blue,A1
board,A1
boat,A1
body,A1
book,A1
bored,A1
boring,A1
both,A1
bottom,A1
box,A1
boy,A1
bread,A1
breakfast,A1
brother,A1
brown,A1
bus,A1
business,A1
but,A1
butter,A1
buy,A1
bye,A1
cake,A1
call,A1
camera,A1
can2,A1
cannot,A1
car,A1
carry,A1
cat,A1
catch,A1
chair,A1
change,A1
cheap,A1
cheese,A1
child,A1
chip,A1
chocolate,A1
choose,A1
cinema,A1
city,A1
class,A1
classroom,A1
clean,A1
clever,A1
clock,A1
closed,A1
clothes,A1
coat,A1
coffee,A1
cold,A1
colour,A1
come,A1
computer,A1
conversation,A1
cook,A1
country,A1
course,A1
cow,A1
cross,A1
cup,A1
dad,A1
dance,A1
dancing,A1
dark,A1
date,A1
daughter,A1
day,A1
dear,A1
desk,A1
dictionary,A1
die,A1
different,A1
difficult,A1
dinner,A1
do,A1
doctor,A1
dog,A1
doll,A1
dollar,A1
door,A1
down,A1
draw,A1
dress,A1
drink,A1
drive,A1
driver,A1
each,A1
ear,A1
early,A1
easy,A1
eat,A1
egg,A1
eight,A1
eighteen,A1
eleven,A1
end,A1
enjoy,A1
evening,A1
every,A1
example,A1
excited,A1
exciting,A1
expensive,A1
eye,A1
face,A1
factory,A1
family,A1
famous,A1
farm,A1
fast,A1
fat,A1
father,A1
favourite,A1
feel,A1
fifteen,A1
film,A1
find,A1
fine,A1
finish,A1
first,A1
fish,A1
five,A1
flat,A1
floor,A1
flower,A1
fly,A1
food,A1
foot,A1
football,A1
for,A1
forget,A1
four,A1
fourteen,A1
friend,A1
from,A1
fruit,A1
fun,A1
funny,A1
game,A1
garden,A1
get,A1
girl,A1
give,A1
glass,A1
glasses,A1
go,A1
good,A1
goodbye,A1
grass,A1
great,A1
green,A1
grey,A1
group,A1
guitar,A1
hair,A1
half,A1
hand,A1
happy,A1
hard,A1
hat,A1
have,A1
he,A1
head,A1
hear,A1
hello,A1
help,A1
her,A1
here,A1
hi,A1
him,A1
his,A1
holiday,A1
home,A1
homework,A1
horse,A1
hospital,A1
hot,A1
hotel,A1
hour,A1
how,A1
hungry,A1
husband,A1
important,A1
in,A1
interesting,A1
into,A1
invite,A1
it,A1
its,A1
jacket,A1
jeans,A1
job,A1
juice,A1
key,A1
kick,A1
kind,A1
kitchen,A1
knife,A1
know,A1
language,A1
last,A1
late,A1
later,A1
learn,A1
leave,A1
leg,A1
lesson,A1
letter,A1
life,A1
light,A1
like,A1
listen,A1
little,A1
long,A1
look,A1
lot,A1
love,A1
lunch,A1
make,A1
man,A1
many,A1
me,A1
meal,A1
meat,A1
meet,A1
message,A1
milk,A1
minute,A1
mobile,A1
money,A1
month,A1
more,A1
morning,A1
mother,A1
mouth,A1
movie,A1
much,A1
mum,A1
museum,A1
music,A1
my,A1
name,A1
nationality,A1
near,A1
need,A1
never,A1
new,A1
newspaper,A1
next,A1
nice,A1
night,A1
nine,A1
nineteen,A1
no,A1
noise,A1
nose,A1
not,A1
note,A1
now,A1
number,A1
of,A1
often,A1
oh,A1
old,A1
on,A1
one,A1
only,A1
open,A1
or,A1
orange,A1
other,A1
our,A1
page,A1
paint,A1
pair,A1
paper,A1
parent,A1
park,A1
part,A1
party,A1
past,A1
pay,A1
pen,A1
pencil,A1
people,A1
person,A1
pet,A1
phone,A1
photo,A1
picnic,A1
picture,A1
pig,A1
pizza,A1
place,A1
plane,A1
plant,A1
plate,A1
play,A1
player,A1
please,A1
poor,A1
possible,A1
potato,A1
practise,A1
problem,A1
put,A1
quarter,A1
question,A1
quick,A1
radio,A1
rain,A1
read,A1
reading,A1
ready,A1
really,A1
red,A1
remember,A1
restaurant,A1
rice,A1
ride,A1
right,A1
river,A1
road,A1
room,A1
run,A1
sad,A1
safe,A1
salt,A1
same,A1
sandwich,A1
say,A1
school,A1
sea,A1
second,A1
see,A1
send,A1
sentence,A1
seven,A1
seventeen,A1
she,A1
sheep,A1
shirt,A1
shoe,A1
shop,A1
shopping,A1
short,A1
show,A1
shower,A1
sing,A1
sister,A1
sit,A1
six,A1
sixteen,A1
skirt,A1
sleep,A1
slim,A1
slow,A1
small,A1
smoke,A1
smoking,A1
snow,A1
some,A1
something,A1
sometimes,A1
son,A1
soon,A1
sorry,A1
soup,A1
speak,A1
sport,A1
start,A1
station,A1
stay,A1
stop,A1
street,A1
student,A1
study,A1
sugar,A1
summer,A1
sun,A1
supermarket,A1
sweet,A1
swim,A1
table,A1
take,A1
talk,A1
tall,A1
taxi,A1
tea,A1
teach,A1
teacher,A1
television,A1
tell,A1
ten,A1
tennis,A1
test,A1
than,A1
thanks,A1
that,A1
the,A1
their,A1
them,A1
then,A1
there,A1
these,A1
they,A1
thing,A1
think,A1
thirteen,A1
this,A1
those,A1
three,A1
ticket,A1
time,A1
tired,A1
to,A1
today,A1
together,A1
toilet,A1
tomato,A1
tomorrow,A1
tonight,A1
too,A1
tooth,A1
town,A1
train,A1
travel,A1
tree,A1
trousers,A1
twelve,A1
twenty,A1
two,A1
under,A1
understand,A1
university,A1
until,A1
up,A1
us,A1
vegetable,A1
very,A1
village,A1
visit,A1
wait,A1
waiter,A1
waitress,A1
wake,A1
walk,A1
wall,A1
want,A1
warm,A1
wash,A1
watch,A1
water,A1
we,A1
wear,A1
weather,A1
week,A1
weekend,A1
well,A1
what,A1
when,A1
where,A1
which,A1
white,A1
who,A1
why,A1
wife,A1
will,A1
wind1,A1
window,A1
wine,A1
winter,A1
with,A1
woman,A1
word,A1
work,A1
world,A1
worry,A1
would,A1
write,A1
writing,A1
wrong,A1
year,A1
yellow,A1
yes,A1
yesterday,A1
you,A1
young,A1
your,A1
zoo,A1
Dr,A2
ID,A2
IT,A2
Ms,A2
PC,A2
able,A2
accident,A2
across,A2
activity,A2
actor,A2
actually,A2
add,A2
adjective,A2
advanced,A2
adventure,A2
adverb,A2
advertisement,A2
advice,A2
aeroplane,A2
afraid,A2
afterwards,A2
against,A2
aged,A2
ago,A2
agree,A2
air,A2
airport,A2
album,A2
alcohol,A2
almost,A2
alone,A2
along,A2
already,A2
amazing,A2
ambulance,A2
among,A2
angry,A2
another,A2
anybody,A2
anymore,A2
anyone,A2
anyway,A2
anywhere,A2
apartment,A2
appointment,A2
area,A2
armchair,A2
around,A2
arrive,A2
art,A2
artist,A2
assistant,A2
attractive,A2
aunt,A2
autumn,A2
available,A2
away,A2
awesome,A2
badly,A2
badminton,A2
bake,A2
balloon,A2
barbecue,A2
baseball,A2
bat,A2
battery,A2
bean,A2
bear,A2
become,A2
beginner,A2
beginning,A2
believe,A2
belong,A2
belt,A2
beside,A2
bicycle,A2
bike,A2
bill,A2
biology,A2
bit,A2
blackboard,A2
blanket,A2
blood,A2
boil,A2
boiled,A2
bookcase,A2
bookshelf,A2
bookshop,A2
boot,A2
born,A2
borrow,A2
boss,A2
bother,A2
bottle,A2
bowl,A2
boyfriend,A2
brain,A2
break,A2
bridge,A2
bright,A2
brilliant,A2
bring,A2
broken,A2
brush,A2
build,A2
building,A2
burger,A2
businessman,A2
businesswoman,A2
busy,A2
by,A2
calendar,A2
camp,A2
camping,A2
can1,A2
cap,A2
capital,A2
card,A2
care,A2
careful,A2
carefully,A2
carpet,A2
carrot,A2
cartoon,A2
case,A2
cash,A2
castle,A2
cathedral,A2
ceiling,A2
cent,A2
centimetre,A2
centre,A2
century,A2
cereal,A2
certainly,A2
chain,A2
champagne,A2
channel,A2
chat,A2
check,A2
chef,A2
chemist,A2
chemistry,A2
cheque,A2
chess,A2
chicken,A2
chilli,A2
church,A2
cigarette,A2
circle,A2
classical,A2
classmate,A2
cleaner,A2
clear,A2
clearly,A2
click,A2
climb,A2
climbing,A2
cloud,A2
cloudy,A2
clown,A2
club,A2
coach,A2
cola,A2
colleague,A2
collect,A2
college,A2
comb,A2
comfortable,A2
comic,A2
company,A2
comparative,A2
competition,A2
complete,A2
concert,A2
congratulations,A2
contact,A2
cooker,A2
cooking,A2
cool,A2
copy,A2
corner,A2
correct,A2
cost,A2
could,A2
countryside,A2
cousin,A2
cover,A2
crazy,A2
cream,A2
cricket,A2
crisp,A2
crowd,A2
crowded,A2
cry,A2
cupboard,A2
curry,A2
curtain,A2
customer,A2
cut,A2
cycling,A2
daily,A2
dancer,A2
danger,A2
dangerous,A2
dead,A2
decide,A2
deep,A2
degree,A2
delay,A2
dentist,A2
department,A2
describe,A2
desert,A2
dessert,A2
detail,A2
diary,A2
difference,A2
digital,A2
dinosaur,A2
diploma,A2
directions,A2
dirty,A2
disco,A2
discount,A2
discuss,A2
dish,A2
document,A2
double,A2
drawer,A2
drawing,A2
dream,A2
dressed,A2
drum,A2
dry,A2
duck,A2
during,A2
earn,A2
earring,A2
easily,A2
eighth,A2
eighty,A2
electric,A2
electricity,A2
elephant,A2
else,A2
empty,A2
engine,A2
engineer,A2
enough,A2
enter,A2
entrance,A2
envelope,A2
especially,A2
even,A2
ever,A2
everybody,A2
everyone,A2
everything,A2
everywhere,A2
exactly,A2
exam,A2
examination,A2
excellent,A2
except,A2
exercise,A2
exit,A2
explain,A2
extra,A2
fact,A2
fail,A2
fair,A2
fall,A2
fan,A2
fantastic,A2
far,A2
farmer,A2
fashion,A2
few,A2
field,A2
fifth,A2
fifty,A2
file,A2
fill,A2
final,A2
finally,A2
finger,A2
fire,A2
fishing,A2
fit,A2
flight,A2
fog,A2
foggy,A2
folder,A2
follow,A2
footballer,A2
foreign,A2
forest,A2
fork,A2
form,A2
forty,A2
fourth,A2
free,A2
fresh,A2
fridge,A2
fried,A2
friendly,A2
front,A2
full,A2
furniture,A2
further,A2
future,A2
garage,A2
garlic,A2
gas,A2
gate,A2
geography,A2
gift,A2
girlfriend,A2
glad,A2
glove,A2
goal,A2
god,A2
gold,A2
golden,A2
golf,A2
grammar,A2
grandchild,A2
granddaughter,A2
grandfather,A2
grandma,A2
grandmother,A2
grandpa,A2
grandparent,A2
grandson,A2
granny,A2
grape,A2
grilled,A2
grow,A2
guess,A2
guest,A2
guide,A2
guidebook,A2
guy,A2
hall,A2
ham,A2
handbag,A2
happen,A2
hate,A2
headache,A2
headteacher,A2
health,A2
healthy,A2
heart,A2
heating,A2
heavy,A2
helicopter,A2
hers,A2
herself,A2
hey,A2
high,A2
hill,A2
himself,A2
history,A2
hit,A2
hobby,A2
hockey,A2
hold,A2
honey,A2
hope,A2
horrible,A2
housewife,A2
however,A2
hundred,A2
hurry,A2
hurt,A2
ice,A2
idea,A2
identification,A2
if,A2
ill,A2
immediately,A2
improve,A2
include,A2
including,A2
indoor,A2
information,A2
insect,A2
instead,A2
instruction,A2
instrument,A2
interested,A2
international,A2
invitation,A2
island,A2
itself,A2
jam,A2
jazz,A2
jewellery,A2
join,A2
journey,A2
jump,A2
jumper,A2
just,A2
keep,A2
keyboard,A2
kid,A2
kill,A2
kilo,A2
kilogram,A2
kilometre,A2
king,A2
kiss,A2
kit,A2
kite,A2
lake,A2
lamp,A2
laptop,A2
large,A2
latest,A2
laugh,A2
lazy,A2
least,A2
leather,A2
left,A2
lemon,A2
lemonade,A2
lend,A2
less,A2
let,A2
level,A2
library,A2
licence,A2
lie1,A2
lift,A2
line,A2
lion,A2
list,A2
litre,A2
lose,A2
lost,A2
loud,A2
lovely,A2
low,A2
luck,A2
lucky,A2
luggage,A2
lunchtime,A2
machine,A2
mad,A2
magazine,A2
magic,A2
mail,A2
manager,A2
mango,A2
map,A2
mark,A2
market,A2
married,A2
match,A2
maths,A2
matter,A2
may,A2
maybe,A2
mean,A2
mechanic,A2
medicine,A2
meeting,A2
melon,A2
member,A2
memory,A2
menu,A2
metre,A2
midday,A2
middle,A2
midnight,A2
might,A2
million,A2
mind,A2
mine,A2
minus,A2
mirror,A2
miss,A2
missing,A2
mistake,A2
mix,A2
model,A2
modern,A2
moment,A2
monkey,A2
moon,A2
mosque,A2
most,A2
motorbike,A2
motorway,A2
mountain,A2
mouse,A2
move,A2
mug,A2
mushroom,A2
musical,A2
must,A2
myself,A2
national,A2
nature,A2
nearly,A2
neck,A2
necklace,A2
negative,A2
neighbour,A2
net,A2
news,A2
ninety,A2
ninth,A2
nobody,A2
noisy,A2
noon,A2
normal,A2
notebook,A2
nothing,A2
notice,A2
noun,A2
nurse,A2
occupation,A2
off,A2
offer,A2
office,A2
oil,A2
omelette,A2
once,A2
onion,A2
opera,A2
opposite,A2
order,A2
ours,A2
ourselves,A2
out,A2
over,A2
own,A2
pack,A2
pain,A2
painter,A2
painting,A2
pale,A2
pardon,A2
partner,A2
pass,A2
passenger,A2
passport,A2
pasta,A2
path,A2
pear,A2
pence,A2
penfriend,A2
pepper,A2
per,A2
perfume,A2
perhaps,A2
petrol,A2
photograph,A2
photographer,A2
photography,A2
physics,A2
piano,A2
pick,A2
piece,A2
pillow,A2
pilot,A2
pink,A2
pity,A2
plan,A2
plastic,A2
platform,A2
playground,A2
pleasant,A2
pleased,A2
plural,A2
plus,A2
pocket,A2
point,A2
police,A2
policeman,A2
policewoman,A2
polite,A2
pool,A2
pop,A2
popular,A2
possibly,A2
post,A2
postcard,A2
poster,A2
pound,A2
practice,A2
pray,A2
prefer,A2
prepare,A2
pretty,A2
price,A2
print,A2
printer,A2
prize,A2
probably,A2
program,A2
programme,A2
project,A2
pub,A2
pull,A2
pupil,A2
purple,A2
purse,A2
push,A2
puzzle,A2
queen,A2
quickly,A2
quiet,A2
quite,A2
quiz,A2
rabbit,A2
race,A2
racket,A2
railway,A2
raincoat,A2
rap,A2
rat,A2
real,A2
reason,A2
receipt,A2
receive,A2
receptionist,A2
rent,A2
repair,A2
repeat,A2
rest,A2
return,A2
rich,A2
ring,A2
roast,A2
rock,A2
roof,A2
round,A2
roundabout,A2
rubber,A2
rugby,A2
ruler,A2
runner,A2
running,A2
sailing,A2
salad,A2
sale,A2
salesperson,A2
sauce,A2
sausage,A2
save,A2
scarf,A2
schoolchild,A2
science,A2
scissors,A2
scooter,A2
screen,A2
seat,A2
secretary,A2
sell,A2
serve,A2
set,A2
seventh,A2
seventy,A2
several,A2
shall,A2
shame,A2
shampoo,A2
share,A2
sheet,A2
shelf,A2
ship,A2
shorts,A2
should,A2
shout,A2
shut,A2
sick,A2
side,A2
sightseeing,A2
sign,A2
silver,A2
simple,A2
since,A2
singer,A2
singing,A2
single,A2
singular,A2
sink,A2
site,A2
sixth,A2
sixty,A2
size,A2
skate,A2
skateboard,A2
skateboarding,A2
skating,A2
skiing,A2
sky,A2
slice,A2
slowly,A2
snack,A2
snake,A2
snowboarding,A2
so,A2
soap,A2
sock,A2
sofa,A2
soft,A2
software,A2
somebody,A2
someone,A2
somewhere,A2
song,A2
sort,A2
soul,A2
sound,A2
space,A2
spare,A2
speaker,A2
special,A2
spell,A2
spelling,A2
spend,A2
spoon,A2
spring,A2
square,A2
stadium,A2
staff,A2
stage,A2
stairs,A2
stamp,A2
stand,A2
star,A2
steak,A2
steal,A2
still,A2
stomach,A2
storm,A2
story,A2
straight,A2
strange,A2
strong,A2
such,A2
suit,A2
suitcase,A2
sunglasses,A2
sunny,A2
superlative,A2
supper,A2
suppose,A2
sure,A2
surf,A2
surfing,A2
surname,A2
surprise,A2
surprised,A2
sweater,A2
sweets,A2
swimming,A2
team,A2
teenager,A2
telephone,A2
temperature,A2
term,A2
terrible,A2
text,A2
textbook,A2
thank,A2
theatre,A2
theirs,A2
themselves,A2
thin,A2
third,A2
thirsty,A2
thirty,A2
thousand,A2
through,A2
throw,A2
thunderstorm,A2
tidy,A2
tie,A2
tights,A2
till,A2
timetable,A2
toast,A2
toe,A2
toothache,A2
toothbrush,A2
top,A2
tour,A2
tourist,A2
towel,A2
toy,A2
traffic,A2
trainer,A2
tram,A2
trip,A2
true,A2
try,A2
tune,A2
turn,A2
twice,A2
type,A2
tyre,A2
umbrella,A2
uncle,A2
unfortunately,A2
unhappy,A2
uniform,A2
unusual,A2
upset,A2
useful,A2
usual,A2
usually,A2
variety,A2
various,A2
verb,A2
video,A2
view,A2
violin,A2
visitor,A2
vocabulary,A2
volleyball,A2
walking,A2
wallet,A2
war,A2
way,A2
web,A2
weekday,A2
weekly,A2
welcome,A2
wet,A2
wheel,A2
while,A2
whole,A2
wide,A2
wild,A2
win,A2
windy,A2
winner,A2
wish,A2
without,A2
wonderful,A2
wood,A2
wooden,A2
wool,A2
worker,A2
worried,A2
worse,A2
worst,A2
wow,A2
yet,A2
yours,A2
yourself,A2
zero,A2
ADV,B1
CV,B1
DJ,B1
ability,B1
abroad,B1
absent,B1
absolutely,B1
accent,B1
accept,B1
acceptable,B1
access,B1
accommodation,B1
accompany,B1
account,B1
accountant,B1
accurate,B1
accurately,B1
ache,B1
achieve,B1
achievement,B1
act,B1
action,B1
active,B1
ad,B1
addition,B1
admire,B1
admission,B1
admit,B1
advance,B1
advantage,B1
advert,B1
advertise,B1
advise,B1
afford,B1
agency,B1
ages,B1
ahead,B1
aim,B1
airline,B1
alarm,B1
alcoholic,B1
alike,B1
alive,B1
allow,B1
aloud,B1
alphabet,B1
although,B1
altogether,B1
amazed,B1
amazingly,B1
ambition,B1
amount,B1
amusing,B1
ancient,B1
angel,B1
angrily,B1
animated,B1
animation,B1
ankle,B1
anniversary,B1
announce,B1
announcement,B1
annoy,B1
annoyed,B1
annoying,B1
annual,B1
ant,B1
antique,B1
anxious,B1
apart,B1
apologise,B1
apology,B1
appear,B1
appearance,B1
application,B1
apply,B1
approach,B1
approve,B1
approximately,B1
architect,B1
architecture,B1
argue,B1
argument,B1
army,B1
arrange,B1
arrangement,B1
arrest,B1
arrival,B1
article,B1
ashamed,B1
asleep,B1
aspirin,B1
athlete,B1
athletics,B1
atmosphere,B1
attach,B1
attack,B1
attempt,B1
attend,B1
attention,B1
attitude,B1
attract,B1
attraction,B1
audience,B1
author,B1
average,B1
avoid,B1
awake,B1
awful,B1
babysit,B1
babysitter,B1
backache,B1
background,B1
backpack,B1
backpacker,B1
backpacking,B1
backwards,B1
bacon,B1
baggage,B1
baker,B1
balcony,B1
bald,B1
ballet,B1
bandage,B1
barber,B1
barman,B1
base,B1
basic,B1
basin,B1
basket,B1
battle,B1
bay,B1
beat,B1
beautifully,B1
beauty,B1
bee,B1
beef,B1
behave,B1
behaviour,B1
bell,B1
benefit,B1
besides,B1
bet,B1
bin,B1
biography,B1
birth,B1
bite,B1
bitter,B1
blame,B1
blank,B1
bleed,B1
blind,B1
block,B1
blog,B1
blogger,B1
blow,B1
bold,B1
bomb,B1
bone,B1
booking,B1
border,B1
boxing,B1
bracelet,B1
brake,B1
branch,B1
brave,B1
bravely,B1
breast,B1
breath,B1
breathe,B1
breeze,B1
bride,B1
brief,B1
briefly,B1
broad,B1
broccoli,B1
brochure,B1
bucket,B1
bug,B1
builder,B1
bull,B1
bunch,B1
burn,B1
burning,B1
bury,B1
butcher,B1
butterfly,B1
button,B1
buyer,B1
cab,B1
cabbage,B1
cabin,B1
cable,B1
cage,B1
calculator,B1
calf,B1
calm,B1
camel,B1
campsite,B1
canal,B1
cancel,B1
cancer,B1
candidate,B1
candle,B1
canteen,B1
captain,B1
career,B1
careless,B1
cashpoint,B1
casual,B1
cattle,B1
cave,B1
celebrate,B1
celebration,B1
celebrity,B1
central,B1
ceremony,B1
certain,B1
certificate,B1
challenge,B1
challenging,B1
champion,B1
championship,B1
chance,B1
chapter,B1
character,B1
charge,B1
charity,B1
charming,B1
checkout,B1
cheek,B1
cheerful,B1
childhood,B1
chin,B1
choice,B1
circus,B1
clap,B1
cliff,B1
climate,B1
clinic,B1
coast,B1
coconut,B1
cod,B1
coin,B1
collar,B1
collection,B1
colourful,B1
comedy,B1
comma,B1
comment,B1
common,B1
communicate,B1
communication,B1
compare,B1
compete,B1
competitor,B1
complain,B1
complaint,B1
completely,B1
complicated,B1
composition,B1
concentrate,B1
conclusion,B1
condition,B1
conference,B1
confident,B1
confirm,B1
confused,B1
confusing,B1
connect,B1
connection,B1
consider,B1
consist,B1
consonant,B1
contain,B1
contents,B1
contest,B1
continent,B1
continue,B1
control,B1
convenient,B1
convince,B1
corn,B1
correction,B1
correctly,B1
cosy,B1
cottage,B1
cotton,B1
cough,B1
count,B1
couple,B1
courgette,B1
court,B1
crash,B1
create,B1
creative,B1
creature,B1
credit,B1
crew,B1
crime,B1
criminal,B1
crop,B1
crossing,B1
cruel,B1
cruise,B1
cucumber,B1
cultural,B1
culture,B1
curious,B1
curiously,B1
curly,B1
currency,B1
curriculum,B1
cushion,B1
custom,B1
customs,B1
cycle,B1
cyclist,B1
damage,B1
damaged,B1
damn,B1
dangerously,B1
deaf,B1
deal,B1
death,B1
decision,B1
declare,B1
decorate,B1
defeat,B1
defence,B1
defend,B1
definitely,B1
delete,B1
delicious,B1
delighted,B1
deliver,B1
delivery,B1
demand,B1
depart,B1
departure,B1
depend,B1
deposit,B1
depressed,B1
depth,B1
description,B1
deserve,B1
design,B1
designer,B1
despite,B1
destination,B1
destroy,B1
detective,B1
develop,B1
development,B1
diagram,B1
dial,B1
diet,B1
differently,B1
difficulty,B1
dig,B1
direct,B1
direction,B1
directly,B1
director,B1
dirt,B1
disabled,B1
disadvantage,B1
disagree,B1
disappear,B1
disappoint,B1
disappointed,B1
disappointing,B1
disappointment,B1
disc,B1
discover,B1
discussion,B1
disease,B1
disgusting,B1
dishwasher,B1
disk,B1
dislike,B1
display,B1
distance,B1
district,B1
dive,B1
diver,B1
divide,B1
diving,B1
divorce,B1
divorced,B1
documentary,B1
dolphin,B1
donkey,B1
dot,B1
doubt,B1
dozen,B1
drag,B1
drama,B1
drop,B1
due,B1
dull,B1
dust,B1
dustbin,B1
dusty,B1
duty,B1
duvet,B1
earache,B1
earth,B1
economics,B1
edge,B1
education,B1
effect,B1
efficient,B1
effort,B1
either,B1
elbow,B1
elder,B1
elderly,B1
eldest,B1
election,B1
electrical,B1
electronic,B1
elementary,B1
embarrassed,B1
embarrassing,B1
embassy,B1
emergency,B1
employ,B1
employee,B1
employer,B1
employment,B1
encourage,B1
ending,B1
enemy,B1
energy,B1
engaged,B1
engineering,B1
enjoyable,B1
enormous,B1
entertain,B1
entertainment,B1
entry,B1
environment,B1
environmental,B1
equal,B1
equipment,B1
escape,B1
essay,B1
essential,B1
event,B1
exact,B1
examiner,B1
exchange,B1
excitedly,B1
excitement,B1
exhausted,B1
exhibition,B1
exist,B1
expect,B1
expedition,B1
experience,B1
experienced,B1
expert,B1
explanation,B1
explode,B1
explore,B1
extraordinary,B1
extremely,B1
facilities,B1
fairly,B1
false,B1
familiar,B1
fancy,B1
fare,B1
farming,B1
fashionable,B1
fasten,B1
fault,B1
favour,B1
fax,B1
fear,B1
fee,B1
feed,B1
feeling,B1
female,B1
ferry,B1
festival,B1
fetch,B1
fever,B1
fiction,B1
fight,B1
figure,B1
financial,B1
firefighter,B1
firework,B1
firm,B1
fitness,B1
fix,B1
flag,B1
flavour,B1
float,B1
flood,B1
flour,B1
flow,B1
flu,B1
flute,B1
fold,B1
folk,B1
following,B1
fond,B1
fool,B1
forbidden,B1
forecast,B1
forehead,B1
foreigner,B1
forgive,B1
former,B1
fortnight,B1
fortunately,B1
forward,B1
fountain,B1
frame,B1
freeze,B1
freezer,B1
freezing,B1
frequent,B1
frequently,B1
friendship,B1
frightened,B1
frightening,B1
frog,B1
frozen,B1
fry,B1
fuel,B1
fully,B1
fur,B1
furthest,B1
gain,B1
gallery,B1
gap,B1
gay,B1
general,B1
generally,B1
generation,B1
generous,B1
gentle,B1
ghost,B1
giant,B1
giraffe,B1
glance,B1
goalkeeper,B1
goat,B1
goods,B1
gorgeous,B1
government,B1
grab,B1
grade,B1
grant,B1
graphics,B1
grateful,B1
greet,B1
greeting,B1
grill,B1
groom,B1
ground,B1
guard,B1
guilty,B1
guitarist,B1
gun,B1
gym,B1
gymnastics,B1
habit,B1
haircut,B1
hairdresser,B1
hairdryer,B1
handball,B1
handkerchief,B1
handle,B1
handsome,B1
handwriting,B1
hang,B1
happily,B1
happiness,B1
harbour,B1
hardly,B1
hardware,B1
headline,B1
heat,B1
heater,B1
heavily,B1
heel,B1
height,B1
helpful,B1
herb,B1
hero,B1
hidden,B1
hide,B1
hire,B1
historic,B1
historical,B1
hitchhike,B1
hole,B1
honest,B1
honestly,B1
honeymoon,B1
hopeful,B1
hopefully,B1
hopeless,B1
horror,B1
hostel,B1
housework,B1
hug,B1
huge,B1
human,B1
humid,B1
humour,B1
hunger,B1
hunt,B1
hut,B1
icy,B1
illness,B1
imagination,B1
imagine,B1
immigration,B1
importance,B1
impossible,B1
improvement,B1
inch,B1
incorrect,B1
incredible,B1
indeed,B1
independent,B1
individual,B1
indoors,B1
industry,B1
inexpensive,B1
infinitive,B1
inform,B1
ingredient,B1
initial,B1
injure,B1
ink,B1
insist,B1
instance,B1
instructor,B1
intelligent,B1
intend,B1
interest,B1
intermediate,B1
internationally,B1
interrupt,B1
interval,B1
interview,B1
introduce,B1
invent,B1
invention,B1
involve,B1
iron,B1
ironing,B1
irregular,B1
issue,B1
item,B1
jail,B1
jar,B1
jealous,B1
jet,B1
jog,B1
jogging,B1
joke,B1
journalist,B1
judge,B1
jug,B1
juicy,B1
jungle,B1
kangaroo,B1
keen,B1
keeper,B1
kettle,B1
killer,B1
killing,B1
kindly,B1
kitten,B1
knee,B1
knickers,B1
knit,B1
knock,B1
knowledge,B1
known,B1
lab,B1
label,B1
laboratory,B1
lack,B1
ladder,B1
lady,B1
lamb,B1
land,B1
landscape,B1
lately,B1
law,B1
lawyer,B1
lay,B1
lead,B1
leader,B1
leaf,B1
league,B1
lecture,B1
leisure,B1
length,B1
lettuce,B1
lie2,B1
lighter,B1
lightly,B1
lightning,B1
likely,B1
limit,B1
limited,B1
link,B1
lip,B1
liquid,B1
literature,B1
lively,B1
load,B1
loan,B1
local,B1
locate,B1
location,B1
lock,B1
logo,B1
lonely,B1
loose,B1
lorry,B1
lottery,B1
loudly,B1
lover,B1
luckily,B1
luxury,B1
madam,B1
magnificent,B1
main,B1
mainly,B1
male,B1
mall,B1
manage,B1
marriage,B1
marry,B1
marvellous,B1
mate,B1
material,B1
maximum,B1
meaning,B1
meanwhile,B1
medium,B1
membership,B1
mend,B1
mention,B1
mess,B1
messy,B1
metal,B1
method,B1
mild,B1
mile,B1
millimetre,B1
minimum,B1
miserable,B1
monster,B1
monthly,B1
monument,B1
mood,B1
mosquito,B1
mostly,B1
moustache,B1
murder,B1
murderer,B1
musician,B1
mystery,B1
narrow,B1
nasty,B1
natural,B1
nearby,B1
neat,B1
necessary,B1
neighbourhood,B1
nephew,B1
nervous,B1
niece,B1
nightclub,B1
nightlife,B1
nightmare,B1
none,B1
normally,B1
noticeboard,B1
novel,B1
nowadays,B1
nowhere,B1
obvious,B1
obviously,B1
occasion,B1
ocean,B1
officer,B1
olive,B1
operate,B1
operation,B1
opinion,B1
opportunity,B1
option,B1
orchestra,B1
ordinary,B1
original,B1
otherwise,B1
outdoor,B1
outdoors,B1
oven,B1
overnight,B1
owe,B1
owner,B1
packet,B1
painful,B1
palace,B1
pan,B1
pants,B1
paragraph,B1
parcel,B1
parking,B1
parrot,B1
particular,B1
particularly,B1
partly,B1
passive,B1
password,B1
patient,B1
pattern,B1
pause,B1
pavement,B1
pea,B1
peace,B1
peaceful,B1
peach,B1
peak,B1
peanut,B1
pedestrian,B1
penguin,B1
penny,B1
perfectly,B1
perform,B1
performance,B1
performer,B1
period,B1
permanent,B1
permission,B1
personal,B1
personally,B1
persuade,B1
pharmacy,B1
photocopy,B1
phrase,B1
pie,B1
pile,B1
pill,B1
pin,B1
pineapple,B1
pipe,B1
pirate,B1
plain,B1
planet,B1
pleasantly,B1
pleasure,B1
plenty,B1
plug,B1
poem,B1
poet,B1
poetry,B1
politely,B1
political,B1
politician,B1
politics,B1
pollution,B1
population,B1
pork,B1
port,B1
position,B1
positive,B1
possessive,B1
possibility,B1
postman,B1
postpone,B1
pot,B1
pour,B1
powder,B1
power,B1
powerful,B1
prayer,B1
predict,B1
pregnant,B1
preparation,B1
prepared,B1
preposition,B1
prescription,B1
presentation,B1
president,B1
press,B1
prevent,B1
previous,B1
previously,B1
priest,B1
prince,B1
princess,B1
principal,B1
prison,B1
prisoner,B1
private,B1
product,B1
profession,B1
professional,B1
professor,B1
promise,B1
promote,B1
pronoun,B1
pronounce,B1
pronunciation,B1
proper,B1
properly,B1
property,B1
protect,B1
proud,B1
prove,B1
provide,B1
public,B1
publish,B1
pullover,B1
pump,B1
punctuation,B1
punish,B1
puppy,B1
pure,B1
purpose,B1
qualification,B1
qualified,B1
quality,B1
quantity,B1
questionnaire,B1
queue,B1
quietly,B1
quit,B1
rail,B1
rainforest,B1
rainy,B1
raise,B1
range,B1
rare,B1
rarely,B1
rather,B1
raw,B1
reach,B1
reader,B1
realistic,B1
reasonable,B1
reasonably,B1
rebuild,B1
recent,B1
recently,B1
reception,B1
recipe,B1
recommend,B1
recording,B1
recover,B1
recycle,B1
recycled,B1
recycling,B1
reduce,B1
refreshments,B1
refuse,B1
regard,B1
regarding,B1
region,B1
register,B1
registration,B1
regret,B1
regular,B1
regularly,B1
relation,B1
relationship,B1
relative,B1
relax,B1
relaxation,B1
relaxed,B1
relaxing,B1
reliable,B1
religion,B1
remain,B1
remind,B1
remove,B1
replace,B1
reply,B1
report,B1
reporter,B1
request,B1
require,B1
rescue,B1
reservation,B1
reserve,B1
resort,B1
respect,B1
responsible,B1
result,B1
retire,B1
review,B1
revise,B1
revision,B1
reward,B1
rid,B1
rider,B1
rise,B1
rob,B1
robot,B1
role,B1
roll,B1
romance,B1
romantic,B1
rose,B1
rough,B1
route,B1
routine,B1
row1,B1
rubbish,B1
rude,B1
rug,B1
ruin,B1
rule,B1
safely,B1
sail,B1
sailor,B1
salary,B1
salesman,B1
saleswoman,B1
salmon,B1
sand,B1
sandal,B1
sandy,B1
satisfied,B1
saucepan,B1
saucer,B1
scared,B1
scary,B1
scene,B1
scenery,B1
scientific,B1
scientist,B1
score,B1
scream,B1
sculpture,B1
search,B1
season,B1
secondary,B1
secret,B1
secretly,B1
section,B1
security,B1
seem,B1
select,B1
selfish,B1
seller,B1
sense,B1
sensible,B1
series,B1
serious,B1
seriously,B1
server,B1
service,B1
session,B1
sew,B1
sex,B1
shade,B1
shadow,B1
shake,B1
shape,B1
shark,B1
sharp,B1
shave,B1
shine,B1
shiny,B1
shock,B1
shocked,B1
shocking,B1
shoot,B1
shore,B1
shortly,B1
shoulder,B1
shy,B1
sight,B1
signature,B1
signpost,B1
silence,B1
silent,B1
silk,B1
silly,B1
similar,B1
sincerely,B1
sir,B1
situated,B1
situation,B1
ski,B1
skill,B1
skin,B1
sleepy,B1
sleeve,B1
slip,B1
smart,B1
smell,B1
smile,B1
smooth,B1
snowboard,B1
sociable,B1
social,B1
society,B1
softly,B1
soldier,B1
solution,B1
solve,B1
somehow,B1
sore,B1
sour,B1
souvenir,B1
sparkling,B1
specially,B1
spectacular,B1
speech,B1
speed,B1
spice,B1
spicy,B1
spider,B1
spill,B1
spinach,B1
spite,B1
split,B1
spoil,B1
sports,B1
spot,B1
spy,B1
squash,B1
stall,B1
statue,B1
steep,B1
step,B1
stick,B1
sticky,B1
stir,B1
stone,B1
store,B1
stranger,B1
strawberry,B1
stream,B1
stress,B1
stressed,B1
stressful,B1
strict,B1
strike,B1
stripe,B1
studio,B1
stuff,B1
stupid,B1
style,B1
stylish,B1
succeed,B1
success,B1
successful,B1
suddenly,B1
suffer,B1
suggest,B1
suggestion,B1
suitable,B1
sum,B1
sunbathe,B1
sunrise,B1
sunset,B1
sunshine,B1
support,B1
supporter,B1
surprising,B1
surprisingly,B1
surround,B1
sweatshirt,B1
swimmer,B1
switch,B1
system,B1
tablet,B1
takeaway,B1
talent,B1
talented,B1
tap,B1
taste,B1
tasty,B1
tax,B1
teaching,B1
tear1,B1
tear2,B1
technique,B1
technology,B1
teenage,B1
temple,B1
temporary,B1
tense,B1
tent,B1
terribly,B1
terrific,B1
terrified,B1
therefore,B1
thick,B1
thief,B1
though,B1
thought,B1
thriller,B1
throat,B1
thumb,B1
thunder,B1
tick,B1
tiger,B1
tight,B1
tin,B1
tiny,B1
tip,B1
tiring,B1
tissue,B1
title,B1
tongue,B1
toothpaste,B1
topic,B1
total,B1
totally,B1
touch,B1
tourism,B1
tournament,B1
towards,B1
tower,B1
track,B1
tracksuit,B1
trade,B1
traditional,B1
training,B1
translate,B1
translation,B1
traveller,B1
trend,B1
trick,B1
trouble,B1
truck,B1
truly,B1
trumpet,B1
trust,B1
truth,B1
tube,B1
tuna,B1
tunnel,B1
turkey,B1
turning,B1
twin,B1
typical,B1
typically,B1
ugly,B1
unable,B1
unbelievable,B1
uncomfortable,B1
underline,B1
underneath,B1
underpants,B1
underwear,B1
undress,B1
unemployed,B1
unemployment,B1
unexpected,B1
unfair,B1
unfit,B1
unforgettable,B1
unfriendly,B1
unhealthy,B1
unimportant,B1
uninterested,B1
uninteresting,B1
union,B1
unit,B1
universe,B1
unkind,B1
unknown,B1
unless,B1
unlikely,B1
unlucky,B1
unnecessary,B1
unpack,B1
unpleasant,B1
untidy,B1
unwell,B1
upload,B1
upon,B1
upper,B1
urgent,B1
urgently,B1
used,B1
useless,B1
user,B1
valley,B1
valuable,B1
value,B1
van,B1
vase,B1
vegetarian,B1
vehicle,B1
vet,B1
via,B1
virus,B1
visa,B1
voice,B1
volume,B1
vote,B1
vowel,B1
wage,B1
wardrobe,B1
warn,B1
warning,B1
waste,B1
waterfall,B1
wave,B1
weak,B1
webcam,B1
wedding,B1
weigh,B1
weight,B1
whale,B1
whatever,B1
wheelchair,B1
whenever,B1
wherever,B1
whether,B1
whose,B1
wildlife,B1
willing,B1
windscreen,B1
windsurfing,B1
wing,B1
within,B1
wonder,B1
working,B1
workout,B1
worth,B1
wrap,B1
writer,B1
written,B1
yard,B1
yoga,B1
youth,B1
zone,B1
Google,B2
abandon,B2
abandoned,B2
abolish,B2
absence,B2
absolute,B2
absorb,B2
abstract,B2
absurd,B2
abuse,B2
academic,B2
accessible,B2
accidental,B2
accidentally,B2
accuracy,B2
accuse,B2
acid,B2
acquire,B2
actively,B2
actual,B2
adapt,B2
addict,B2
addicted,B2
addiction,B2
additional,B2
additionally,B2
adequate,B2
adequately,B2
adjust,B2
adjustment,B2
admiration,B2
admittedly,B2
adopt,B2
adopted,B2
adoption,B2
adventurous,B2
advertising,B2
affair,B2
affect,B2
affection,B2
agent,B2
aggressive,B2
aggressively,B2
agreement,B2
agriculture,B2
aircraft,B2
alphabetical,B2
alter,B2
alternative,B2
alternatively,B2
aluminium,B2
amazement,B2
ambassador,B2
ambitious,B2
amongst,B2
amuse,B2
amused,B2
amusement,B2
analyse,B2
analysis,B2
analyst,B2
ancestor,B2
anger,B2
annually,B2
anxiety,B2
anxiously,B2
anyhow,B2
apostrophe,B2
apparent,B2
apparently,B2
appeal,B2
appreciate,B2
appreciation,B2
appropriate,B2
appropriately,B2
approval,B2
approximate,B2
armed,B2
arrogant,B2
arrow,B2
artificial,B2
artificially,B2
artistic,B2
aside,B2
aspect,B2
assess,B2
assessment,B2
assist,B2
assistance,B2
associate,B2
association,B2
assume,B2
assure,B2
astonished,B2
astonishing,B2
astonishment,B2
athletic,B2
atom,B2
atomic,B2
attached,B2
attachment,B2
aubergine,B2
authority,B2
automatic,B2
automatically,B2
availability,B2
award,B2
aware,B2
awkward,B2
badge,B2
bakery,B2
balance,B2
balanced,B2
ban,B2
bang,B2
banker,B2
banking,B2
bare,B2
barely,B2
bargain,B2
bark,B2
barrier,B2
basement,B2
basically,B2
basics,B2
basis,B2
beam,B2
beg,B2
behalf,B2
belief,B2
belongings,B2
bench,B2
bend,B2
beneath,B2
beneficial,B2
berry,B2
bestseller,B2
betray,B2
beyond,B2
bikini,B2
billion,B2
biological,B2
bizarre,B2
blade,B2
blink,B2
bloody,B2
blush,B2
boast,B2
boiling,B2
boldly,B2
bomber,B2
bombing,B2
bond,B2
bonus,B2
booklet,B2
bookmark,B2
boost,B2
bossy,B2
bothered,B2
bounce,B2
bound,B2
bow,B2
bra,B2
bracket,B2
brand,B2
bravery,B2
breakable,B2
breakdown,B2
breakthrough,B2
breathtaking,B2
breed,B2
brick,B2
brightly,B2
brilliantly,B2
broadband,B2
broadcast,B2
browse,B2
browser,B2
bruise,B2
budget,B2
bulb,B2
bullet,B2
bump,B2
bumper,B2
bun,B2
burglar,B2
burglary,B2
burgle,B2
burst,B2
bush,B2
cabinet,B2
calculate,B2
calculation,B2
calmly,B2
campus,B2
canned,B2
capable,B2
capacity,B2
capture,B2
carbon,B2
cardboard,B2
cardigan,B2
carelessly,B2
carelessness,B2
caring,B2
carnival,B2
cast,B2
casually,B2
catalogue,B2
category,B2
catering,B2
cause,B2
cautious,B2
cease,B2
cell,B2
cellar,B2
cello,B2
cemetery,B2
centigrade,B2
certainty,B2
chaos,B2
characteristic,B2
charm,B2
chart,B2
chase,B2
cheat,B2
cheeky,B2
cheer,B2
cheerfully,B2
chemical,B2
cherry,B2
chest,B2
chew,B2
chief,B2
childish,B2
chill,B2
chimney,B2
choir,B2
chop,B2
circular,B2
circumstance,B2
citizen,B2
claim,B2
classic,B2
clause,B2
client,B2
closely,B2
cloth,B2
clothing,B2
clue,B2
clumsy,B2
coaching,B2
coastal,B2
code,B2
coincidence,B2
collapse,B2
collector,B2
collocation,B2
colon,B2
column,B2
combination,B2
combine,B2
comedian,B2
comfort,B2
comfortably,B2
command,B2
commerce,B2
commercial,B2
commit,B2
commitment,B2
committee,B2
communicative,B2
community,B2
companion,B2
comparison,B2
competitive,B2
complex,B2
compose,B2
composer,B2
compromise,B2
compulsory,B2
concentration,B2
concept,B2
concern,B2
concerned,B2
concerning,B2
concrete,B2
conduct,B2
conductor,B2
confess,B2
confession,B2
confidence,B2
confidently,B2
confirmation,B2
conflict,B2
confuse,B2
confusion,B2
congratulate,B2
conjunction,B2
conscious,B2
consciousness,B2
consequence,B2
consequently,B2
conservation,B2
considerable,B2
considerably,B2
consideration,B2
considering,B2
constant,B2
constantly,B2
construct,B2
construction,B2
consultant,B2
consume,B2
consumer,B2
container,B2
contemporary,B2
context,B2
continuous,B2
continuously,B2
contrary,B2
contribute,B2
contribution,B2
controversial,B2
convenience,B2
conveniently,B2
conventional,B2
convert,B2
convinced,B2
cooperative,B2
cope,B2
copper,B2
corporation,B2
correspond,B2
corridor,B2
costume,B2
council,B2
counter,B2
county,B2
courage,B2
courtesy,B2
coward,B2
cowardly,B2
crab,B2
crack,B2
craft,B2
crawl,B2
creation,B2
creatively,B2
creativity,B2
crisis,B2
critic,B2
critical,B2
critically,B2
criticism,B2
crocodile,B2
crossroads,B2
crucial,B2
cruelly,B2
cruelty,B2
culturally,B2
cure,B2
curiosity,B2
current,B2
currently,B2
cursor,B2
curve,B2
dairy,B2
damp,B2
dare,B2
darkness,B2
darling,B2
dash,B2
data,B2
database,B2
dawn,B2
daylight,B2
daytime,B2
deadline,B2
deadly,B2
dealer,B2
debate,B2
debit,B2
debt,B2
decade,B2
decay,B2
deceive,B2
decent,B2
decisive,B2
deck,B2
decline,B2
decoration,B2
decorative,B2
deeply,B2
deer,B2
defender,B2
define,B2
definite,B2
definition,B2
deliberate,B2
deliberately,B2
delicate,B2
delight,B2
delightful,B2
demanding,B2
democracy,B2
democratic,B2
demolish,B2
demonstrate,B2
demonstration,B2
denim,B2
dense,B2
densely,B2
dental,B2
deny,B2
dependent,B2
depressing,B2
depression,B2
deprive,B2
descend,B2
desirable,B2
desire,B2
desktop,B2
despair,B2
desperate,B2
desperately,B2
destruction,B2
detailed,B2
determination,B2
determined,B2
determiner,B2
developed,B2
developing,B2
device,B2
devil,B2
devote,B2
devoted,B2
dialogue,B2
diamond,B2
differ,B2
dilemma,B2
dimension,B2
dip,B2
diplomat,B2
disability,B2
disagreement,B2
disappearance,B2
disapprove,B2
disaster,B2
discipline,B2
discourage,B2
discovery,B2
disgrace,B2
disguise,B2
dishonest,B2
dishonesty,B2
disposal,B2
disrupt,B2
dissatisfaction,B2
dissatisfied,B2
distant,B2
distinction,B2
distinguish,B2
distinguished,B2
distract,B2
distressing,B2
distribute,B2
disturb,B2
diverse,B2
divided,B2
division,B2
dizzy,B2
domestic,B2
dominate,B2
donate,B2
donation,B2
dose,B2
doubtful,B2
draft,B2
dramatic,B2
dramatically,B2
dreadful,B2
drown,B2
drug,B2
drunk,B2
dynamic,B2
eager,B2
eagerly,B2
eagerness,B2
eagle,B2
earnings,B2
earthquake,B2
ease,B2
ecological,B2
ecologically,B2
economic,B2
economical,B2
economist,B2
economy,B2
edit,B2
edition,B2
editor,B2
educate,B2
educated,B2
educational,B2
effective,B2
effectively,B2
efficiency,B2
efficiently,B2
elect,B2
electrician,B2
electronically,B2
electronics,B2
elegant,B2
elegantly,B2
element,B2
elsewhere,B2
embarrassment,B2
emerge,B2
emotion,B2
emotional,B2
emotionally,B2
emphasis,B2
enable,B2
enclose,B2
encounter,B2
encouragement,B2
encouraging,B2
endangered,B2
endless,B2
endure,B2
energetic,B2
enjoyment,B2
entertainer,B2
entertaining,B2
enthusiasm,B2
enthusiastic,B2
enthusiastically,B2
entire,B2
entirely,B2
entitle,B2
environmentally,B2
envy,B2
episode,B2
equality,B2
equally,B2
equip,B2
era,B2
error,B2
escalator,B2
essentially,B2
establish,B2
estate,B2
estimate,B2
estimated,B2
eventually,B2
evidence,B2
evident,B2
evidently,B2
evil,B2
evolution,B2
examine,B2
exception,B2
exceptional,B2
exclusive,B2
exhausting,B2
exhaustion,B2
existence,B2
existing,B2
exotic,B2
expand,B2
expansion,B2
expectation,B2
expected,B2
expense,B2
exploit,B2
explosion,B2
expose,B2
express,B2
expression,B2
extend,B2
extension,B2
extensive,B2
extent,B2
external,B2
extraordinarily,B2
extreme,B2
eyebrow,B2
eyelash,B2
eyelid,B2
eyesight,B2
facility,B2
factor,B2
fade,B2
failure,B2
faint,B2
faith,B2
faithful,B2
faithfully,B2
fame,B2
fantastically,B2
fantasy,B2
fascinated,B2
fascinating,B2
fatal,B2
fate,B2
faulty,B2
favourable,B2
feather,B2
feature,B2
feedback,B2
fellow,B2
fence,B2
fierce,B2
fighting,B2
finance,B2
financially,B2
finely,B2
fingernail,B2
firmly,B2
firstly,B2
fisherman,B2
fixed,B2
flame,B2
flash,B2
flexibility,B2
flexible,B2
fluency,B2
fluent,B2
fluently,B2
focus,B2
foolish,B2
foolishly,B2
forbid,B2
force,B2
formal,B2
formerly,B2
forthcoming,B2
fortunate,B2
fortune,B2
found,B2
fox,B2
frankly,B2
freedom,B2
freely,B2
friendliness,B2
frighten,B2
frost,B2
frustration,B2
function,B2
functional,B2
funeral,B2
furious,B2
furiously,B2
furthermore,B2
gambling,B2
gang,B2
gardener,B2
gardening,B2
gather,B2
gaze,B2
gear,B2
gender,B2
generate,B2
generosity,B2
generously,B2
genetics,B2
gentleman,B2
gently,B2
genuine,B2
genuinely,B2
global,B2
globally,B2
gossip,B2
govern,B2
gradual,B2
gradually,B2
graph,B2
grave,B2
greatly,B2
greatness,B2
greedy,B2
grief,B2
grip,B2
growing,B2
growth,B2
guarantee,B2
guidance,B2
guilt,B2
gum,B2
guts,B2
gymnastic,B2
hammer,B2
handful,B2
handout,B2
harm,B2
harmful,B2
harmless,B2
harmony,B2
harvest,B2
haunt,B2
headquarters,B2
heal,B2
heaven,B2
hedge,B2
hell,B2
helmet,B2
helper,B2
hesitate,B2
highlight,B2
highly,B2
hint,B2
hip,B2
honesty,B2
honour,B2
hood,B2
hook,B2
horn,B2
host,B2
hourly,B2
household,B2
hunting,B2
hyphen,B2
icon,B2
ideal,B2
ideally,B2
identical,B2
identify,B2
identity,B2
idiom,B2
idiot,B2
ignore,B2
illegal,B2
illegally,B2
illustrate,B2
image,B2
immediate,B2
immigrant,B2
immoral,B2
impact,B2
impatient,B2
impatiently,B2
imperative,B2
implement,B2
impolite,B2
importantly,B2
impress,B2
impressed,B2
impression,B2
impressive,B2
improved,B2
inaccurate,B2
incident,B2
income,B2
inconvenient,B2
increasingly,B2
incredibly,B2
independence,B2
independently,B2
indicate,B2
industrial,B2
inexperienced,B2
infection,B2
inflation,B2
influence,B2
informal,B2
inhabitant,B2
initially,B2
injured,B2
injury,B2
inner,B2
innocent,B2
innocently,B2
input,B2
inspector,B2
inspiration,B2
inspire,B2
instant,B2
instantly,B2
institute,B2
institution,B2
insurance,B2
intellectual,B2
intelligence,B2
intensive,B2
intention,B2
interact,B2
interactive,B2
interfere,B2
interior,B2
internal,B2
interpret,B2
interruption,B2
intransitive,B2
introduction,B2
invade,B2
invasion,B2
inventor,B2
invest,B2
investigate,B2
investigation,B2
investigator,B2
investment,B2
investor,B2
invisible,B2
involved,B2
involvement,B2
irresponsible,B2
irritated,B2
irritating,B2
itch,B2
jaw,B2
jealously,B2
jewel,B2
joint,B2
journalism,B2
joy,B2
junior,B2
jury,B2
justice,B2
justify,B2
kindness,B2
kingdom,B2
kneel,B2
landing,B2
landlady,B2
landlord,B2
lane,B2
lap,B2
largely,B2
laser,B2
lastly,B2
latter,B2
laughter,B2
launch,B2
laundry,B2
layer,B2
laziness,B2
leading,B2
leaflet,B2
leak,B2
lean,B2
learner,B2
learning,B2
lecturer,B2
leek,B2
legal,B2
legally,B2
legend,B2
leopard,B2
liar,B2
liberty,B2
lick,B2
lid,B2
lifestyle,B2
lifetime,B2
lighting,B2
literally,B2
literary,B2
litter,B2
liver,B2
living,B2
loaf,B2
lobby,B2
log,B2
logical,B2
loss,B2
lower,B2
loyal,B2
loyalty,B2
lung,B2
lyrics,B2
magical,B2
maintain,B2
maintenance,B2
major,B2
majority,B2
maker,B2
management,B2
mankind,B2
manner,B2
manual,B2
manufacture,B2
manufacturer,B2
manufacturing,B2
marathon,B2
marketing,B2
mask,B2
mass,B2
massive,B2
master,B2
mathematical,B2
mature,B2
mayor,B2
meaningful,B2
means,B2
meantime,B2
measure,B2
measurement,B2
mechanical,B2
medal,B2
media,B2
medical,B2
melt,B2
memorable,B2
mental,B2
mentally,B2
mere,B2
merely,B2
microphone,B2
military,B2
minister,B2
minor,B2
minority,B2
mint,B2
miracle,B2
misery,B2
misleading,B2
mission,B2
mist,B2
misty,B2
misunderstand,B2
misunderstanding,B2
mixture,B2
modest,B2
monitor,B2
moonlight,B2
moral,B2
morally,B2
moreover,B2
motivated,B2
motivation,B2
motive,B2
motor,B2
motorist,B2
movement,B2
moving,B2
mud,B2
muddy,B2
mumble,B2
muscle,B2
mutter,B2
mysterious,B2
myth,B2
nail,B2
naked,B2
narrowly,B2
nation,B2
nationwide,B2
native,B2
naturally,B2
naughty,B2
navy,B2
necessarily,B2
needle,B2
negatively,B2
neighbouring,B2
neither,B2
nerves,B2
nervously,B2
network,B2
nevertheless,B2
newly,B2
nicely,B2
nod,B2
nonsense,B2
nor,B2
novelist,B2
nuclear,B2
nuisance,B2
nursery,B2
nut,B2
oak,B2
obey,B2
objection,B2
objective,B2
obligation,B2
oblige,B2
observation,B2
observe,B2
obsessed,B2
obsession,B2
obtain,B2
occasionally,B2
occupy,B2
occur,B2
odd,B2
offence,B2
offend,B2
offender,B2
offensive,B2
official,B2
opening,B2
operator,B2
opponent,B2
oppose,B2
optimistic,B2
optional,B2
oral,B2
orchestral,B2
organic,B2
origin,B2
originally,B2
outer,B2
outline,B2
outrageous,B2
outskirts,B2
outstanding,B2
oval,B2
overall,B2
overcome,B2
overlook,B2
overseas,B2
overtake,B2
overtime,B2
overweight,B2
owl,B2
oxygen,B2
pace,B2
package,B2
packed,B2
pancake,B2
panic,B2
paperwork,B2
parachute,B2
parade,B2
parliament,B2
partial,B2
participate,B2
partnership,B2
passage,B2
passion,B2
passionate,B2
passionately,B2
patience,B2
patiently,B2
paw,B2
payment,B2
peacefully,B2
peculiar,B2
pedal,B2
peel,B2
penalty,B2
pension,B2
percentage,B2
permanently,B2
personality,B2
pessimistic,B2
petrified,B2
pharmacist,B2
phase,B2
philosopher,B2
philosophy,B2
physical,B2
physically,B2
picturesque,B2
pine,B2
pint,B2
pitch,B2
planning,B2
plot,B2
plumber,B2
poison,B2
poisonous,B2
policy,B2
politeness,B2
pollute,B2
pond,B2
popularity,B2
portion,B2
portrait,B2
posh,B2
positively,B2
possession,B2
potential,B2
potentially,B2
pottery,B2
poverty,B2
powerfully,B2
practical,B2
practically,B2
praise,B2
prawn,B2
precious,B2
precise,B2
precisely,B2
predictable,B2
prediction,B2
preferable,B2
preferably,B2
preference,B2
prefix,B2
prejudice,B2
presence,B2
presenter,B2
preserve,B2
presidency,B2
presidential,B2
pressure,B2
presumably,B2
pretend,B2
prevention,B2
priceless,B2
pride,B2
primarily,B2
primary,B2
priority,B2
privacy,B2
privately,B2
pro,B2
probable,B2
procedure,B2
process,B2
producer,B2
production,B2
productive,B2
profile,B2
profit,B2
profitable,B2
programming,B2
progressive,B2
prohibit,B2
promotion,B2
prompt,B2
promptly,B2
proof,B2
proposal,B2
propose,B2
proposed,B2
prospect,B2
protection,B2
protective,B2
protest,B2
proudly,B2
psychological,B2
psychologically,B2
psychologist,B2
psychology,B2
publication,B2
publicity,B2
publisher,B2
pudding,B2
punch,B2
punishment,B2
purchase,B2
puzzled,B2
pyjamas,B2
qualify,B2
quarrel,B2
query,B2
racial,B2
racism,B2
rage,B2
rainbow,B2
rape,B2
rapid,B2
rapidly,B2
rate,B2
ray,B2
razor,B2
react,B2
reaction,B2
readily,B2
reality,B2
rear,B2
rearrange,B2
recall,B2
recession,B2
reckon,B2
recommendation,B2
recovery,B2
recreation,B2
rectangular,B2
reduction,B2
redundant,B2
refer,B2
referee,B2
reference,B2
reflect,B2
reflection,B2
refugee,B2
regain,B2
regional,B2
regulation,B2
rehearsal,B2
reject,B2
related,B2
relatively,B2
release,B2
relevant,B2
relief,B2
relieved,B2
religious,B2
rely,B2
remaining,B2
remains,B2
remark,B2
remarkable,B2
remedy,B2
remote,B2
renew,B2
repay,B2
replacement,B2
represent,B2
representative,B2
reputation,B2
requirement,B2
researcher,B2
resident,B2
residential,B2
resign,B2
resist,B2
resource,B2
respectable,B2
respected,B2
respond,B2
response,B2
responsibility,B2
restore,B2
retired,B2
retirement,B2
reveal,B2
revenge,B2
reverse,B2
revolution,B2
revolutionary,B2
rewrite,B2
rhythm,B2
rib,B2
ridiculous,B2
rightly,B2
rip,B2
ripe,B2
risk,B2
risky,B2
robbery,B2
rocket,B2
roommate,B2
root,B2
rope,B2
rotten,B2
roughly,B2
row2,B2
royal,B2
rub,B2
rumour,B2
rural,B2
rush,B2
rusty,B2
sack,B2
sadly,B2
sadness,B2
safety,B2
sake,B2
salon,B2
salty,B2
sample,B2
satellite,B2
satisfaction,B2
satisfactory,B2
satisfy,B2
savings,B2
scale,B2
scandal,B2
scar,B2
scent,B2
schedule,B2
scheduled,B2
scheme,B2
scientifically,B2
scratch,B2
script,B2
seal,B2
seasonal,B2
secondly,B2
secure,B2
seed,B2
seek,B2
seize,B2
seldom,B2
selection,B2
semicolon,B2
seminar,B2
senior,B2
sensation,B2
sensitive,B2
separately,B2
separation,B2
servant,B2
setting,B2
settle,B2
severe,B2
severely,B2
sexual,B2
sexy,B2
shallow,B2
sharply,B2
shed,B2
shell,B2
shelter,B2
shift,B2
shiver,B2
shooting,B2
shopkeeper,B2
shortage,B2
shot,B2
shrink,B2
sickness,B2
sigh,B2
signal,B2
significant,B2
significantly,B2
silently,B2
similarity,B2
simply,B2
simultaneously,B2
skeleton,B2
skilful,B2
skilled,B2
skip,B2
slam,B2
slap,B2
slash,B2
slave,B2
slide,B2
slight,B2
slightly,B2
slope,B2
smash,B2
smoker,B2
smoothly,B2
sneeze,B2
snore,B2
soak,B2
soaked,B2
soaking,B2
sob,B2
softness,B2
soil,B2
solar,B2
solid,B2
solo,B2
sophisticated,B2
soundtrack,B2
source,B2
specialist,B2
species,B2
specific,B2
specify,B2
spectator,B2
spirit,B2
spiritual,B2
splash,B2
sponsor,B2
spray,B2
spread,B2
spreadsheet,B2
squeeze,B2
stab,B2
stain,B2
standard,B2
stare,B2
starving,B2
state,B2
statement,B2
statistics,B2
steadily,B2
steady,B2
steam,B2
steel,B2
steer,B2
stepfather,B2
stepmother,B2
stiff,B2
stimulate,B2
stock,B2
stool,B2
stopover,B2
storage,B2
storey,B2
stormy,B2
straightforward,B2
strain,B2
strangely,B2
strategy,B2
strength,B2
strengthen,B2
stretch,B2
strictly,B2
striking,B2
string,B2
stroke,B2
strongly,B2
structure,B2
struggle,B2
stubborn,B2
stuck,B2
stunning,B2
submit,B2
substance,B2
substantial,B2
substitute,B2
suburb,B2
subway,B2
successfully,B2
sudden,B2
suffering,B2
sufficient,B2
suffix,B2
suicide,B2
suitably,B2
summary,B2
sunlight,B2
superb,B2
supernatural,B2
supervise,B2
supplier,B2
supply,B2
surely,B2
surface,B2
surgery,B2
surrounding,B2
surroundings,B2
survey,B2
survival,B2
survive,B2
survivor,B2
suspect,B2
suspend,B2
suspicion,B2
suspicious,B2
suspiciously,B2
swallow,B2
swan,B2
swear,B2
sweat,B2
sweep,B2
swing,B2
swollen,B2
sword,B2
syllable,B2
symbol,B2
sympathetic,B2
sympathy,B2
symptom,B2
tabloid,B2
tackle,B2
tail,B2
tale,B2
tan,B2
target,B2
task,B2
tease,B2
teaspoon,B2
technical,B2
technological,B2
telecommunications,B2
telescope,B2
temper,B2
temporarily,B2
tempt,B2
temptation,B2
tend,B2
tension,B2
terminal,B2
terms,B2
terrace,B2
terrify,B2
terrifying,B2
territory,B2
terror,B2
terrorism,B2
terrorist,B2
theft,B2
theme,B2
theory,B2
therapy,B2
thermometer,B2
thesis,B2
thigh,B2
thirst,B2
thorough,B2
thoroughly,B2
thoughtful,B2
threat,B2
threaten,B2
thrilled,B2
thrilling,B2
throughout,B2
thus,B2
tide,B2
tighten,B2
tightly,B2
times,B2
timing,B2
tiredness,B2
toenail,B2
tolerate,B2
tomb,B2
ton,B2
tone,B2
tool,B2
torch,B2
tornado,B2
tough,B2
toxic,B2
trace,B2
tradition,B2
traditionally,B2
tragedy,B2
tragic,B2
trail,B2
transform,B2
transitive,B2
transparent,B2
trap,B2
tray,B2
treasure,B2
treat,B2
treatment,B2
trekking,B2
tremble,B2
tremendous,B2
tremendously,B2
trial,B2
triangle,B2
tribe,B2
tricky,B2
trivial,B2
trolley,B2
trophy,B2
tropical,B2
trunk,B2
tutor,B2
twisted,B2
ultimate,B2
unacceptable,B2
unattractive,B2
unavailable,B2
unaware,B2
unbearable,B2
uncertain,B2
unchanged,B2
unclear,B2
unconscious,B2
underestimate,B2
underground2,B2
understandable,B2
understanding,B2
underwater,B2
undo,B2
undoubtedly,B2
undressed,B2
uneasy,B2
unexpectedly,B2
unfairly,B2
unfamiliar,B2
unfashionable,B2
unfortunate,B2
unhappiness,B2
unhelpful,B2
unique,B2
united,B2
universal,B2
unlike,B2
unlimited,B2
unlock,B2
unnatural,B2
unpopular,B2
unpredictable,B2
unrealistic,B2
unreasonable,B2
unreliable,B2
unsatisfactory,B2
unsuccessful,B2
unsuitable,B2
unsure,B2
untie,B2
unusually,B2
unwilling,B2
upbringing,B2
upright,B2
urban,B2
vacant,B2
valid,B2
vanish,B2
variation,B2
varied,B2
vary,B2
vast,B2
venue,B2
verse,B2
version,B2
victim,B2
victory,B2
viewer,B2
vinegar,B2
violence,B2
violent,B2
violently,B2
virtual,B2
virtually,B2
visible,B2
vision,B2
visual,B2
vital,B2
vitamin,B2
vivid,B2
vividly,B2
volcano,B2
volunteer,B2
voyage,B2
waist,B2
wander,B2
ward,B2
warmly,B2
warmth,B2
wasp,B2
waterproof,B2
weakness,B2
wealth,B2
wealthy,B2
weapon,B2
weird,B2
welfare,B2
wheat,B2
whereas,B2
whichever,B2
whisky,B2
whisper,B2
whistle,B2
whoever,B2
whom,B2
widely,B2
widen,B2
widow,B2
width,B2
wildly,B2
willingly,B2
willingness,B2
wind2,B2
winding,B2
wipe,B2
wire,B2
wisdom,B2
wise,B2
witness,B2
witty,B2
wolf,B2
worldwide,B2
worm,B2
worrying,B2
worthwhile,B2
wound,B2
wrist,B2
wrongly,B2
yacht,B2
yawn,B2
yell,B2
zebra,B2
zip,B2
abnormal,C1
aboard,C1
abortion,C1
accelerate,C1
acceptance,C1
accepted,C1
accessory,C1
acclaimed,C1
accomplish,C1
accordance,C1
accumulate,C1
accusation,C1
accustomed,C1
acknowledge,C1
acquaintance,C1
adaptation,C1
addictive,C1
administration,C1
administrative,C1
administrator,C1
adviser,C1
affluent,C1
affordable,C1
agenda,C1
aggression,C1
aid,C1
alarming,C1
alert,C1
allegation,C1
alleged,C1
allocate,C1
allowance,C1
ally,C1
alongside,C1
alteration,C1
amateur,C1
amendment,C1
amid,C1
ample,C1
analytical,C1
angle,C1
annoyance,C1
anticipate,C1
appalling,C1
appetite,C1
applaud,C1
applause,C1
appliance,C1
appoint,C1
archaeologist,C1
archaeology,C1
arise,C1
assert,C1
asset,C1
assign,C1
assignment,C1
assumption,C1
assurance,C1
attain,C1
attendance,C1
auction,C1
audition,C1
authentic,C1
authorize,C1
avenue,C1
awareness,C1
bacteria,C1
bankrupt,C1
beak,C1
beware,C1
biased,C1
bid,C1
bilingual,C1
blindness,C1
boundary,C1
brass,C1
bribe,C1
broaden,C1
broadly,C1
bronze,C1
brutal,C1
bubble,C1
bulk,C1
bulky,C1
bully,C1
burden,C1
campaign,C1
cancellation,C1
capability,C1
carriage,C1
cater,C1
caution,C1
changeable,C1
chaotic,C1
chatty,C1
chilly,C1
cholesterol,C1
chore,C1
civil,C1
clarification,C1
clarify,C1
classify,C1
clinical,C1
closeness,C1
clutch,C1
coal,C1
collaborate,C1
collaboration,C1
commodity,C1
commonly,C1
commute,C1
comparable,C1
comparatively,C1
compatible,C1
compel,C1
compensate,C1
competence,C1
competent,C1
compile,C1
completion,C1
complicate,C1
complication,C1
comply,C1
component,C1
comprehensive,C1
comprehensively,C1
comprise,C1
conclude,C1
confidential,C1
congestion,C1
conquer,C1
conscientious,C1
consent,C1
conservative,C1
considerate,C1
constitute,C1
constitution,C1
constructive,C1
consult,C1
consumption,C1
contestant,C1
continual,C1
continually,C1
contradict,C1
controversy,C1
convention,C1
convey,C1
convincing,C1
coolness,C1
corporate,C1
corrupt,C1
corruption,C1
cosmopolitan,C1
counterpart,C1
countless,C1
courageous,C1
coverage,C1
criterion,C1
crystal,C1
cultivate,C1
cultivation,C1
customary,C1
cutback,C1
daycare,C1
daydream,C1
debut,C1
declaration,C1
dedicate,C1
dedicated,C1
dedication,C1
deduction,C1
deepen,C1
defect,C1
deficiency,C1
deficit,C1
density,C1
deodorant,C1
deprived,C1
deputy,C1
derive,C1
deserted,C1
destiny,C1
detached,C1
detect,C1
deteriorate,C1
determine,C1
devastated,C1
devastating,C1
developer,C1
dictate,C1
diesel,C1
differentiate,C1
digest,C1
digestion,C1
diminish,C1
diplomatic,C1
directory,C1
disadvantaged,C1
disapproval,C1
disastrous,C1
discomfort,C1
discontent,C1
discriminate,C1
discrimination,C1
disgusted,C1
dishonestly,C1
dismiss,C1
dismissal,C1
disorder,C1
displace,C1
displacement,C1
dispose,C1
disrespect,C1
disruption,C1
dissertation,C1
dissolve,C1
distinct,C1
distinctive,C1
distort,C1
distraction,C1
distress,C1
distressed,C1
distribution,C1
disturbance,C1
diversity,C1
divert,C1
dock,C1
domain,C1
dominant,C1
domination,C1
downside,C1
downward,C1
downwards,C1
drastic,C1
drastically,C1
draught,C1
drawback,C1
dual,C1
dumb,C1
dump,C1
duration,C1
dwell,C1
ecology,C1
edible,C1
effectiveness,C1
elegance,C1
eligible,C1
eliminate,C1
elite,C1
embrace,C1
emission,C1
emperor,C1
empire,C1
endeavour,C1
enforce,C1
engage,C1
enhance,C1
enrich,C1
enterprise,C1
environmentalist,C1
envisage,C1
envision,C1
equation,C1
equivalent,C1
erosion,C1
establishment,C1
ethnic,C1
evaluate,C1
evaluation,C1
evolve,C1
exaggerate,C1
exaggeration,C1
exceed,C1
exceptionally,C1
excessive,C1
exclude,C1
exclusively,C1
executive,C1
exhaust,C1
exhaustive,C1
exhibit,C1
expenses,C1
exploration,C1
exposure,C1
exterior,C1
extinct,C1
extinction,C1
extrovert,C1
fabric,C1
fabulous,C1
facilitate,C1
faculty,C1
fairness,C1
fake,C1
fascinate,C1
fascination,C1
fatty,C1
feasible,C1
feast,C1
feminine,C1
fibre,C1
filthy,C1
flair,C1
flaw,C1
flee,C1
fleet,C1
footstep,C1
foremost,C1
foresee,C1
formally,C1
format,C1
formula,C1
foul,C1
foundation,C1
friction,C1
fright,C1
fruitful,C1
frustrated,C1
frustrating,C1
fulfil,C1
fumes,C1
fund,C1
funding,C1
furnished,C1
fuss,C1
gadget,C1
garment,C1
gathering,C1
gene,C1
generalization,C1
generalize,C1
genetic,C1
genius,C1
geology,C1
germ,C1
gerund,C1
gesture,C1
gifted,C1
glamour,C1
glimpse,C1
glory,C1
grace,C1
graceful,C1
grand,C1
grasp,C1
greed,C1
gripping,C1
gross,C1
grounds,C1
grumpy,C1
guideline,C1
habitat,C1
harassment,C1
hardship,C1
harsh,C1
hatred,C1
hazard,C1
heading,C1
heavenly,C1
hectic,C1
helpless,C1
hence,C1
heroic,C1
hesitation,C1
hilarious,C1
historian,C1
historically,C1
holy,C1
homeless,C1
honoured,C1
hop,C1
horizon,C1
horizontal,C1
hospitable,C1
hospitality,C1
hostile,C1
housing,C1
humanity,C1
humorous,C1
hygiene,C1
hysterical,C1
iceberg,C1
idealistic,C1
idol,C1
illustration,C1
imaginary,C1
imaginative,C1
imitate,C1
immense,C1
immensely,C1
imperfect,C1
impersonal,C1
implication,C1
impose,C1
imprison,C1
inability,C1
inaccuracy,C1
inadequate,C1
inappropriate,C1
inappropriately,C1
incapable,C1
incidentally,C1
inclined,C1
inclusion,C1
inclusive,C1
inconvenience,C1
index,C1
indication,C1
indirect,C1
indirectly,C1
individually,C1
industrialization,C1
industrialized,C1
inedible,C1
inefficient,C1
inevitable,C1
inevitably,C1
infect,C1
inferior,C1
influential,C1
informally,C1
informative,C1
infrastructure,C1
initiative,C1
injustice,C1
innocence,C1
innovation,C1
innovative,C1
insane,C1
insecure,C1
insensitive,C1
insert,C1
insight,C1
insignificant,C1
inspect,C1
inspection,C1
installation,C1
instruct,C1
insufficient,C1
integral,C1
integrate,C1
integration,C1
intense,C1
intensively,C1
interaction,C1
interestingly,C1
interference,C1
internally,C1
invaluable,C1
irritate,C1
isolated,C1
isolation,C1
itinerary,C1
jargon,C1
jealousy,C1
jointly,C1
journal,C1
junk,C1
justified,C1
juvenile,C1
knob,C1
knowledgeable,C1
labour,C1
landmark,C1
lawn,C1
layout,C1
leadership,C1
legendary,C1
lengthen,C1
lengthy,C1
lessen,C1
liability,C1
liable,C1
liberal,C1
liberation,C1
limitation,C1
linguistic,C1
listener,C1
literacy,C1
logic,C1
loneliness,C1
lounge,C1
luxurious,C1
machinery,C1
magistrate,C1
magnetic,C1
magnificently,C1
mammal,C1
mansion,C1
march,C1
masculine,C1
mat,C1
mechanism,C1
memo,C1
mentality,C1
merit,C1
migration,C1
miner,C1
mingle,C1
minimal,C1
minimize,C1
mining,C1
ministry,C1
misbehave,C1
misfortune,C1
misinform,C1
mislead,C1
mistaken,C1
mode,C1
moderation,C1
modestly,C1
modification,C1
modify,C1
monotonous,C1
motivate,C1
multiple,C1
mundane,C1
municipal,C1
mustard,C1
mutual,C1
mysteriously,C1
naive,C1
namely,C1
nap,C1
neatly,C1
necessity,C1
needless,C1
neglect,C1
negotiate,C1
negotiation,C1
nerve,C1
nervousness,C1
networking,C1
neutral,C1
newsletter,C1
nickname,C1
noble,C1
nominate,C1
nomination,C1
nonetheless,C1
norm,C1
notable,C1
notably,C1
noticeable,C1
noticeably,C1
notify,C1
notion,C1
notorious,C1
notwithstanding,C1
numerous,C1
nutrition,C1
nutritional,C1
nutritious,C1
nutshell,C1
obese,C1
obesity,C1
objectively,C1
obligatory,C1
obsolete,C1
obstacle,C1
occasional,C1
occurrence,C1
odds,C1
officially,C1
omit,C1
oneself,C1
openly,C1
opposed,C1
opposition,C1
opt,C1
optimist,C1
organ,C1
outcome,C1
outgoing,C1
outlook,C1
outnumber,C1
outrage,C1
outweigh,C1
overcrowded,C1
overdo,C1
overdraft,C1
overdrawn,C1
overestimate,C1
overview,C1
overwhelm,C1
overwhelming,C1
overworked,C1
ownership,C1
ozone,C1
palm,C1
panel,C1
paradise,C1
partially,C1
participant,C1
pastry,C1
payable,C1
peasant,C1
peer,C1
pensioner,C1
perceive,C1
perfection,C1
perk,C1
personnel,C1
perspective,C1
persuasive,C1
phenomenon,C1
pleasurable,C1
plunge,C1
pointless,C1
politically,C1
pony,C1
poorly,C1
populate,C1
portable,C1
pose,C1
possess,C1
postal,C1
posture,C1
precaution,C1
predator,C1
pregnancy,C1
prejudiced,C1
preliminary,C1
premises,C1
presently,C1
preservation,C1
prestige,C1
prestigious,C1
presume,C1
primitive,C1
principle,C1
prior,C1
privatize,C1
privilege,C1
privileged,C1
probability,C1
problematic,C1
proceed,C1
productivity,C1
programmer,C1
progression,C1
projection,C1
prolong,C1
prolonged,C1
prominent,C1
promising,C1
proportion,C1
proposition,C1
prospective,C1
prosperity,C1
prosperous,C1
prostitute,C1
protein,C1
provider,C1
provision,C1
publicly,C1
pulse,C1
purely,C1
purity,C1
pursue,C1
pyramid,C1
quote,C1
racially,C1
radiation,C1
radical,C1
radically,C1
random,C1
randomly,C1
rank,C1
rarity,C1
rating,C1
ratio,C1
rational,C1
readership,C1
readiness,C1
readjust,C1
realistically,C1
realization,C1
reassure,C1
reassuring,C1
rebellion,C1
rebellious,C1
recharge,C1
reconsider,C1
reconstruct,C1
reconstruction,C1
recreate,C1
recruit,C1
recruitment,C1
rectangle,C1
rectify,C1
redevelop,C1
redevelopment,C1
redundancy,C1
refresh,C1
refreshing,C1
refusal,C1
regardless,C1
regulate,C1
rehearse,C1
reign,C1
reinforce,C1
relate,C1
relevance,C1
reliability,C1
relocate,C1
reluctant,C1
reluctantly,C1
remarkably,C1
reminder,C1
render,C1
renewable,C1
renewal,C1
renovate,C1
renovation,C1
reorganize,C1
repeatedly,C1
repetitive,C1
reproduce,C1
reproduction,C1
reptile,C1
republic,C1
reputable,C1
resemble,C1
resolve,C1
respectful,C1
respective,C1
respectively,C1
restart,C1
restless,C1
restrain,C1
restrict,C1
restricted,C1
restriction,C1
resume,C1
retail,C1
rethink,C1
revenue,C1
rewarding,C1
richness,C1
riot,C1
rival,C1
rocky,C1
rudely,C1
rudeness,C1
runway,C1
sacred,C1
sacrifice,C1
saint,C1
satisfactorily,C1
saving,C1
scan,C1
scarce,C1
scare,C1
scenic,C1
scholar,C1
scholarship,C1
scope,C1
sector,C1
seemingly,C1
selective,C1
self,C1
selfishness,C1
sensational,C1
sensibly,C1
sensitivity,C1
sequence,C1
serial,C1
setback,C1
settlement,C1
sewing,C1
shabby,C1
shameful,C1
sheer,C1
shield,C1
shortcoming,C1
shorten,C1
shuttle,C1
shyness,C1
significance,C1
similarly,C1
simplicity,C1
simplify,C1
simulation,C1
simultaneous,C1
sincere,C1
sip,C1
sketch,C1
slang,C1
slavery,C1
sleepless,C1
slippery,C1
slogan,C1
slot,C1
smog,C1
smuggle,C1
soaring,C1
socialist,C1
sole,C1
solely,C1
solicitor,C1
solidarity,C1
solitude,C1
somewhat,C1
sow,C1
soya,C1
spacious,C1
spam,C1
speciality,C1
specifically,C1
specification,C1
spectrum,C1
speculation,C1
speechless,C1
sphere,C1
spin,C1
spine,C1
splendid,C1
spokesman,C1
spokesperson,C1
sponsorship,C1
sporty,C1
stability,C1
stable,C1
staggering,C1
staircase,C1
stale,C1
stamina,C1
starve,C1
statistic,C1
statistical,C1
status,C1
stem,C1
stereotype,C1
stocking,C1
strategic,C1
straw,C1
striker,C1
strip,C1
stroll,C1
subjective,C1
subsequent,C1
subsequently,C1
subsidy,C1
substantially,C1
substitution,C1
subtitles,C1
successor,C1
sue,C1
sufficiently,C1
suitability,C1
summarize,C1
summit,C1
superior,C1
supervision,C1
supervisor,C1
supportive,C1
supposedly,C1
surge,C1
surgeon,C1
sustainable,C1
swap,C1
tactic,C1
takeover,C1
talkative,C1
tank,C1
tasteless,C1
teamwork,C1
technically,C1
technician,C1
techno,C1
technologically,C1
tedious,C1
telly,C1
tendency,C1
tertiary,C1
texture,C1
thankful,C1
thankfully,C1
therapeutic,C1
therapist,C1
thereby,C1
thrill,C1
thrive,C1
tobacco,C1
token,C1
tolerant,C1
toll,C1
torture,C1
toss,C1
trainee,C1
tranquil,C1
transaction,C1
transformation,C1
transmit,C1
transportation,C1
trek,C1
trigger,C1
triumph,C1
troubled,C1
trustworthy,C1
tuition,C1
turnover,C1
twist,C1
ultimately,C1
unaffordable,C1
unavoidable,C1
uncertainty,C1
uncomfortably,C1
uncommon,C1
unconventional,C1
uncover,C1
undeniable,C1
undergo,C1
underpaid,C1
understandably,C1
undertake,C1
unfold,C1
unforeseen,C1
unite,C1
unity,C1
universally,C1
unjustified,C1
unload,C1
unmarried,C1
unnecessarily,C1
unnoticed,C1
unpaid,C1
unproductive,C1
unprofessional,C1
unqualified,C1
unquestionably,C1
unreal,C1
unreasonably,C1
unrelated,C1
unsafe,C1
unsolved,C1
unspoiled,C1
unsuccessfully,C1
unthinkable,C1
untouched,C1
untrue,C1
unwanted,C1
unwillingly,C1
unwillingness,C1
unwind,C1
upcoming,C1
upward,C1
upwards,C1
urge,C1
usage,C1
usefulness,C1
utmost,C1
utterly,C1
vacancy,C1
vague,C1
vain,C1
variable,C1
vegetation,C1
veil,C1
vein,C1
verify,C1
versus,C1
vertical,C1
vest,C1
viewpoint,C1
vine,C1
voluntary,C1
walker,C1
warrior,C1
weaken,C1
whatsoever,C1
widespread,C1
wisely,C1
wit,C1
witch,C1
withdraw,C1
workforce,C1
workplace,C1
workshop,C1
worsen,C1
worship,C1
worthless,C1
worthy,C1
youngster,C1
DNA,C2
abrupt,C2
abruptly,C2
abusive,C2
accord,C2
accountable,C2
accumulation,C2
acre,C2
adjacent,C2
adolescent,C2
adverse,C2
affectionate,C2
albeit,C2
allege,C2
allegedly,C2
alliance,C2
allied,C2
allocation,C2
ambiguity,C2
ambiguous,C2
amend,C2
analogous,C2
analogy,C2
anchor,C2
anonymous,C2
antibiotic,C2
anticipation,C2
apologetic,C2
arbitrary,C2
arch,C2
arid,C2
arouse,C2
aspiration,C2
aspire,C2
aspiring,C2
assault,C2
assemble,C2
assembly,C2
assertive,C2
astronomy,C2
attainable,C2
awe,C2
backing,C2
backward,C2
bandwagon,C2
barn,C2
being,C2
bias,C2
bind,C2
blackmail,C2
bland,C2
bleak,C2
blend,C2
blister,C2
blunt,C2
breadth,C2
bribery,C2
brink,C2
broadminded,C2
bundle,C2
bureaucracy,C2
burial,C2
butt,C2
buzz,C2
capitalism,C2
capitalist,C2
carefree,C2
cargo,C2
carve,C2
casserole,C2
casualty,C2
catastrophe,C2
chancellor,C2
chapel,C2
charisma,C2
charismatic,C2
cheerfulness,C2
chronic,C2
circuit,C2
circulation,C2
civilian,C2
clarity,C2
clash,C2
classification,C2
clich,C2
clichd,C2
cling,C2
closure,C2
clumsiness,C2
coastline,C2
coherence,C2
coherent,C2
coincide,C2
coldness,C2
combat,C2
comeback,C2
comforting,C2
commander,C2
commemorate,C2
commence,C2
committed,C2
complexion,C2
complexity,C2
complimentary,C2
compulsive,C2
conceal,C2
concede,C2
conceited,C2
conceive,C2
conception,C2
concession,C2
conclusive,C2
conclusively,C2
condemn,C2
confine,C2
confront,C2
confrontation,C2
conscience,C2
consecutive,C2
consensus,C2
consistent,C2
consistently,C2
constitutional,C2
constrain,C2
constraint,C2
consultation,C2
contemplate,C2
contempt,C2
continental,C2
continuity,C2
contraception,C2
contraceptive,C2
contradiction,C2
contradictory,C2
conversion,C2
convict,C2
conviction,C2
cookie,C2
coral,C2
core,C2
corpse,C2
corresponding,C2
counselling,C2
counsellor,C2
coup,C2
courteous,C2
crackdown,C2
crave,C2
craving,C2
craziness,C2
credibility,C2
creep,C2
crude,C2
crumble,C2
crush,C2
cunning,C2
curb,C2
custody,C2
cutlery,C2
cynical,C2
dated,C2
dazed,C2
dazzle,C2
dazzling,C2
decaffeinated,C2
deceased,C2
deception,C2
deceptive,C2
decisively,C2
deduce,C2
deem,C2
defective,C2
defensive,C2
definitive,C2
defy,C2
delegation,C2
denial,C2
dependence,C2
depict,C2
deprivation,C2
descendant,C2
desired,C2
desperation,C2
deterrent,C2
detrimental,C2
devastation,C2
devise,C2
diagnose,C2
diagnosis,C2
dialect,C2
diarrhoea,C2
dice,C2
dignified,C2
dignity,C2
dim,C2
diplomacy,C2
diplomatically,C2
disclose,C2
discreet,C2
discretion,C2
disgust,C2
disillusioned,C2
disloyal,C2
dismay,C2
disposable,C2
disposed,C2
disposition,C2
disqualify,C2
disrespectful,C2
disruptive,C2
disturbed,C2
disturbing,C2
dole,C2
dominance,C2
donor,C2
doom,C2
doorway,C2
downhill,C2
drain,C2
dread,C2
drift,C2
drought,C2
dubious,C2
eccentric,C2
echo,C2
elaborate,C2
elapse,C2
elated,C2
elimination,C2
elusive,C2
embarrass,C2
embody,C2
eminent,C2
emit,C2
empathy,C2
empirical,C2
endorse,C2
endow,C2
endurance,C2
engrossed,C2
entity,C2
equate,C2
eradicate,C2
erode,C2
erupt,C2
essence,C2
ethic,C2
ethical,C2
eventful,C2
eventual,C2
excel,C2
exclaim,C2
execute,C2
exemplify,C2
exile,C2
expenditure,C2
experimental,C2
expire,C2
explicit,C2
explosive,C2
expressive,C2
exquisite,C2
extravagant,C2
extremist,C2
facial,C2
familiarize,C2
famine,C2
fanatic,C2
faraway,C2
faultless,C2
fearful,C2
fearless,C2
feat,C2
feeble,C2
fend,C2
fertile,C2
fictional,C2
filter,C2
fingertip,C2
finite,C2
fireplace,C2
fist,C2
flashback,C2
flatten,C2
flawed,C2
flawless,C2
flesh,C2
flick,C2
floppy,C2
flourish,C2
fluctuate,C2
fluid,C2
follower,C2
forceful,C2
foreseeable,C2
forgery,C2
forgiveness,C2
formation,C2
formidable,C2
formulate,C2
founder,C2
fraction,C2
fragile,C2
fragrance,C2
fragrant,C2
frail,C2
framework,C2
frantic,C2
fraud,C2
fraudulent,C2
frenzy,C2
fringe,C2
frontier,C2
frown,C2
fulfilling,C2
fulfilment,C2
fundamental,C2
fundamentally,C2
fury,C2
fussy,C2
gamble,C2
gasp,C2
giggle,C2
glare,C2
globe,C2
glow,C2
glue,C2
goodness,C2
grain,C2
grammatical,C2
grim,C2
grin,C2
groan,C2
gulf,C2
hail,C2
handy,C2
harshly,C2
haul,C2
hazardous,C2
heap,C2
heir,C2
heritage,C2
hierarchical,C2
hierarchy,C2
hinder,C2
hollow,C2
homelessness,C2
hopelessly,C2
horrified,C2
horrifying,C2
hostage,C2
hostility,C2
hum,C2
humanitarian,C2
humble,C2
humiliated,C2
humiliating,C2
humility,C2
hygienic,C2
hypocrisy,C2
hypocritical,C2
hypothesis,C2
icily,C2
idle,C2
ignorance,C2
ignorant,C2
illiterate,C2
illusion,C2
imitation,C2
immature,C2
imminent,C2
immortal,C2
immune,C2
impatience,C2
implementation,C2
implicit,C2
imply,C2
impossibility,C2
imprisonment,C2
impulse,C2
impulsive,C2
incentive,C2
inclination,C2
inconceivable,C2
inconsiderate,C2
incorporate,C2
incur,C2
incurable,C2
indefinitely,C2
indicator,C2
indifference,C2
indifferent,C2
indispensable,C2
indisputable,C2
individuality,C2
indulge,C2
industrious,C2
inequality,C2
inexplicable,C2
infancy,C2
infant,C2
infectious,C2
infer,C2
inferiority,C2
infinite,C2
infinitely,C2
influx,C2
inhabit,C2
inherent,C2
inherit,C2
inheritance,C2
inhibition,C2
inhuman,C2
initiate,C2
injection,C2
innate,C2
innumerable,C2
insecurity,C2
inseparable,C2
insomnia,C2
instinct,C2
intact,C2
integrity,C2
intellect,C2
intellectually,C2
intensely,C2
intensify,C2
intensity,C2
intent,C2
interim,C2
interpretation,C2
intervene,C2
intervention,C2
intimate,C2
intolerable,C2
intolerance,C2
intolerant,C2
intriguing,C2
intrinsic,C2
introvert,C2
intrude,C2
intruder,C2
intrusion,C2
intuition,C2
invariably,C2
ironic,C2
ironically,C2
irony,C2
irrational,C2
irresistible,C2
irrespective,C2
irreversible,C2
irritable,C2
irritation,C2
juggle,C2
justifiable,C2
justification,C2
kidney,C2
knot,C2
knowingly,C2
knuckle,C2
lad,C2
lavish,C2
leap,C2
legacy,C2
legislation,C2
legitimate,C2
lenient,C2
lethal,C2
lifelong,C2
lifespan,C2
likelihood,C2
likewise,C2
linen,C2
linger,C2
literal,C2
literate,C2
loathe,C2
loathing,C2
loft,C2
logically,C2
longevity,C2
longing,C2
loom,C2
loosen,C2
lucrative,C2
lump,C2
lure,C2
mainstream,C2
malicious,C2
margin,C2
marginal,C2
massacre,C2
masterpiece,C2
materialism,C2
materialist,C2
materialistic,C2
maximize,C2
medically,C2
medication,C2
mediocre,C2
mediocrity,C2
melody,C2
memorial,C2
merciful,C2
merciless,C2
mercy,C2
merge,C2
merger,C2
metaphor,C2
meticulous,C2
mighty,C2
millennium,C2
miniature,C2
mishap,C2
misinterpret,C2
misinterpretation,C2
misplace,C2
missile,C2
moan,C2
moderately,C2
momentum,C2
monetary,C2
monopoly,C2
morale,C2
mortality,C2
motion,C2
mount,C2
muddle,C2
muddled,C2
murmur,C2
musically,C2
narrative,C2
narrator,C2
naval,C2
negligence,C2
negligent,C2
negligible,C2
nest,C2
normality,C2
nostalgia,C2
nostalgic,C2
nostril,C2
nosy,C2
novelty,C2
obscene,C2
observant,C2
observer,C2
obsessive,C2
oddly,C2
odour,C2
offset,C2
offspring,C2
omission,C2
ongoing,C2
onwards,C2
openness,C2
optimism,C2
ordeal,C2
orientation,C2
originate,C2
ornament,C2
orphan,C2
orthodox,C2
outbreak,C2
outgoings,C2
outlet,C2
output,C2
outset,C2
overboard,C2
overflow,C2
overhear,C2
overlap,C2
pact,C2
paradigm,C2
paradox,C2
paradoxical,C2
parallel,C2
paramount,C2
particle,C2
pastime,C2
pat,C2
patch,C2
pathetic,C2
peep,C2
perception,C2
perceptive,C2
perseverance,C2
persist,C2
persistence,C2
persistent,C2
persuasion,C2
petty,C2
phenomenal,C2
philosophical,C2
pinpoint,C2
pioneer,C2
pit,C2
pitiful,C2
plague,C2
plausible,C2
plea,C2
plead,C2
plethora,C2
plight,C2
plump,C2
poetic,C2
pole,C2
ponder,C2
portray,C2
portrayal,C2
practitioner,C2
pragmatic,C2
precede,C2
precedent,C2
predecessor,C2
predominant,C2
predominantly,C2
premium,C2
prescribe,C2
presumption,C2
prevail,C2
preventive,C2
prey,C2
prime,C2
proceedings,C2
procession,C2
profound,C2
profoundly,C2
prone,C2
propaganda,C2
prosecute,C2
prosecution,C2
prosecutor,C2
prosper,C2
protagonist,C2
proverb,C2
province,C2
provincial,C2
provocation,C2
provoke,C2
proximity,C2
psychiatrist,C2
pursuit,C2
pushy,C2
quaint,C2
quest,C2
questionable,C2
quotation,C2
racist,C2
raid,C2
rally,C2
rash,C2
realm,C2
reap,C2
reasoning,C2
reassurance,C2
receptive,C2
reckless,C2
recognition,C2
recollect,C2
recollection,C2
reconcile,C2
recreational,C2
recur,C2
redistribute,C2
referendum,C2
refine,C2
refined,C2
reform,C2
refrain,C2
refuge,C2
regime,C2
rejection,C2
relentless,C2
relentlessly,C2
reliance,C2
reliant,C2
relieve,C2
relish,C2
remorse,C2
renowned,C2
repeated,C2
repetition,C2
reportedly,C2
representation,C2
reproach,C2
resemblance,C2
resent,C2
resentment,C2
reserved,C2
residence,C2
resignation,C2
resilience,C2
resilient,C2
resistance,C2
resolution,C2
resourceful,C2
respectfully,C2
restraint,C2
restrictive,C2
restructure,C2
retailer,C2
retain,C2
retention,C2
retrace,C2
retreat,C2
retrieve,C2
retrospect,C2
reunion,C2
revelation,C2
reversal,C2
reversible,C2
revert,C2
revival,C2
revive,C2
revolt,C2
rhyme,C2
ribbon,C2
riches,C2
rigid,C2
ritual,C2
rivalry,C2
roar,C2
rosy,C2
rot,C2
ruling,C2
rut,C2
ruthless,C2
sadden,C2
saddle,C2
sanction,C2
sane,C2
sarcastic,C2
saying,C2
scarcely,C2
scarcity,C2
scattered,C2
scenario,C2
sceptical,C2
schooling,C2
scramble,C2
scrap,C2
scroll,C2
scruffy,C2
scrutiny,C2
secluded,C2
sedentary,C2
seduce,C2
senseless,C2
sensibility,C2
sentiment,C2
sentimental,C2
serene,C2
serenity,C2
severity,C2
shaken,C2
sharpen,C2
shattered,C2
shrewd,C2
shrug,C2
shudder,C2
sibling,C2
sideways,C2
simplification,C2
sin,C2
sincerity,C2
siren,C2
skull,C2
slaughter,C2
slender,C2
smoky,C2
snap,C2
snatch,C2
sneak,C2
sniff,C2
snob,C2
snobbish,C2
soar,C2
sober,C2
socialism,C2
solitary,C2
soothing,C2
sorrow,C2
spade,C2
spark,C2
sparsely,C2
specimen,C2
speculate,C2
spending,C2
spiral,C2
spiritually,C2
spit,C2
splendour,C2
spotless,C2
spotlight,C2
spouse,C2
sprinkle,C2
spur,C2
squad,C2
squander,C2
squeak,C2
squeaky,C2
stagger,C2
stake,C2
stance,C2
standpoint,C2
stardom,C2
starvation,C2
stereotypical,C2
stern,C2
stimulus,C2
stitch,C2
strand,C2
stranded,C2
strap,C2
strategically,C2
strenuous,C2
strive,C2
structural,C2
structured,C2
stubbornness,C2
stumble,C2
stunned,C2
stupidity,C2
subconsciously,C2
subtle,C2
successive,C2
succumb,C2
suck,C2
sufferer,C2
summon,C2
superficial,C2
superficially,C2
superfluous,C2
superiority,C2
supplementary,C2
suppress,C2
surpass,C2
surplus,C2
surrender,C2
suspense,C2
sustain,C2
sustainability,C2
swift,C2
swiftly,C2
syllabus,C2
symbolic,C2
sympathize,C2
synonym,C2
synonymous,C2
systematic,C2
systematically,C2
tact,C2
tactful,C2
tactless,C2
talks,C2
tangible,C2
tasteful,C2
taxpayer,C2
tenant,C2
tender,C2
tenderness,C2
territorial,C2
testify,C2
theoretical,C2
theoretically,C2
thereafter,C2
thinker,C2
thoughtfully,C2
thoughtless,C2
thread,C2
threshold,C2
thriving,C2
throne,C2
timber,C2
timid,C2
tire,C2
tiresome,C2
toddler,C2
tolerance,C2
torrential,C2
totalitarian,C2
toughness,C2
tractor,C2
trader,C2
tragically,C2
trait,C2
tranquility,C2
transition,C2
transmission,C2
transplant,C2
trash,C2
trauma,C2
traumatic,C2
tread,C2
treaty,C2
tribal,C2
tribute,C2
trilogy,C2
trio,C2
troops,C2
troublesome,C2
trudge,C2
turbulent,C2
turmoil,C2
unaffected,C2
unanimous,C2
unanimously,C2
unattainable,C2
unavoidably,C2
unbalanced,C2
unbiased,C2
unconditional,C2
unconsciously,C2
undeniably,C2
underdeveloped,C2
underlying,C2
undermine,C2
undertaking,C2
underway,C2
undesirable,C2
undeveloped,C2
undoubted,C2
undue,C2
unethical,C2
uneven,C2
uneventful,C2
unfavourable,C2
unimaginable,C2
uninhabited,C2
unprecedented,C2
unrest,C2
unscrupulous,C2
unsustainable,C2
unwise,C2
uphill,C2
uphold,C2
upkeep,C2
utter,C2
vaccinate,C2
vaccination,C2
vaccine,C2
vaguely,C2
validity,C2
vandalism,C2
vanity,C2
velvet,C2
vent,C2
venture,C2
verbal,C2
verdict,C2
verge,C2
versatile,C2
veteran,C2
viable,C2
vice,C2
vicinity,C2
vicious,C2
villager,C2
violate,C2
virgin,C2
virtue,C2
visibly,C2
vitality,C2
vitally,C2
vivacious,C2
vocation,C2
vocational,C2
voluntarily,C2
vomit,C2
voter,C2
vow,C2
vulnerable,C2
warehouse,C2
wary,C2
wavelength,C2
weary,C2
weed,C2
weep,C2
whereby,C2
whim,C2
wholeheartedly,C2
wholly,C2
wicked,C2
wield,C2
wilderness,C2
willpower,C2
wink,C2
withdrawal,C2
withdrawn,C2
withstand,C2
woodland,C2
workaholic,C2
wreck,C2
wreckage,C2
wretched,C2
wrinkle,C2
wrinkled,C2
xenophobia,C2
yearn,C2
yield,C2
